StockCode,PrevQty,PrevWeeks,RecentQty,RecentWeeks,PrevAvgWeek,RecentAvgWeek,AbsChange,GrowthPct,Description,PeakMonth
10125,266.0,5.0,108.0,5.0,33.25,13.5,-158.0,-59.3984962406015,MINI FUNKY DESIGN TAPES,2011-01
15034,1729.0,8.0,1115.0,7.0,216.125,139.375,-614.0,-35.51185656448814,PAPER POCKET TRAVELING FAN ,2011-10
15036,1424.0,8.0,1193.0,8.0,178.0,149.125,-231.0,-16.22191011235955,ASSORTED COLOURS SILK FAN,2011-05
15056BL,619.0,8.0,487.0,8.0,77.375,60.875,-132.0,-21.32471728594507,EDWARDIAN PARASOL BLACK,2011-10
15056N,719.0,8.0,374.0,8.0,89.875,46.75,-345.0,-47.98331015299026,EDWARDIAN PARASOL NATURAL,2011-07
16008,510.0,7.0,1223.0,8.0,63.75,152.875,713.0,139.80392156862743,SMALL FOLDING SCISSOR(POINTED EDGE),2011-11
16011,334.0,5.0,384.0,6.0,41.75,48.0,50.0,14.97005988023952,ANIMAL STICKERS,2011-11
16014,3116.0,5.0,3656.0,6.0,389.5,457.0,540.0,17.329910141206675,SMALL CHINESE STYLE SCISSOR,2011-11
16045,2700.0,8.0,2200.0,8.0,337.5,275.0,-500.0,-18.51851851851852,POPART WOODEN PENCILS ASST,2011-07
16048,322.0,6.0,305.0,7.0,40.25,38.125,-17.0,-5.279503105590062,TEATIME ROUND PENCIL SHARPENER ,2011-06
16054,292.0,5.0,512.0,7.0,36.5,64.0,220.0,75.34246575342466,POPART RECT PENCIL SHARPENER ASST,2011-11
16156S,1300.0,7.0,700.0,8.0,162.5,87.5,-600.0,-46.15384615384615,WRAP PINK FAIRY CAKES ,2011-10
16161P,1075.0,7.0,1200.0,8.0,134.375,150.0,125.0,11.627906976744185,WRAP ENGLISH ROSE ,2011-06
16161U,1075.0,7.0,600.0,8.0,134.375,75.0,-475.0,-44.18604651162791,WRAP SUKI AND FRIENDS,2011-10
16169E,1500.0,8.0,2563.0,8.0,187.5,320.375,1063.0,70.86666666666666,WRAP 50'S  CHRISTMAS,2011-11
16218,995.0,7.0,821.0,7.0,124.375,102.625,-174.0,-17.48743718592965,CARTOON  PENCIL SHARPENERS,2011-06
16219,861.0,6.0,485.0,8.0,107.625,60.625,-376.0,-43.67015098722416,HOUSE SHAPE PENCIL SHARPENER,2011-08
16235,237.0,6.0,383.0,8.0,29.625,47.875,146.0,61.60337552742617,RECYCLED PENCIL WITH RABBIT ERASER,2011-02
16237,771.0,8.0,1100.0,8.0,96.375,137.5,329.0,42.67185473411154,SLEEPING CAT ERASERS,2011-11
16238,238.0,6.0,256.0,8.0,29.75,32.0,18.0,7.563025210084033,PARTY TIME PENCIL ERASERS,2011-07
17003,3762.0,8.0,3088.0,8.0,470.25,386.0,-674.0,-17.916002126528443,BROCADE RING PURSE ,2011-03
17021,229.0,5.0,240.0,5.0,28.625,30.0,11.0,4.8034934497816595,NAMASTE SWAGAT INCENSE,2010-12
17091J,259.0,6.0,341.0,8.0,32.375,42.625,82.0,31.66023166023166,VANILLA INCENSE IN TIN,2011-04
20668,831.0,7.0,7233.0,8.0,103.875,904.125,6402.0,770.3971119133574,DISCO BALL CHRISTMAS DECORATION,2011-11
20674,257.0,8.0,184.0,8.0,32.125,23.0,-73.0,-28.404669260700388,GREEN POLKADOT BOWL,2011-01
20675,423.0,8.0,289.0,8.0,52.875,36.125,-134.0,-31.678486997635936,BLUE POLKADOT BOWL,2011-03
20676,501.0,8.0,701.0,8.0,62.625,87.625,200.0,39.920159680638726,RED RETROSPOT BOWL,2011-01
20677,435.0,8.0,319.0,8.0,54.375,39.875,-116.0,-26.666666666666668,PINK POLKADOT BOWL,2011-03
20679,348.0,8.0,414.0,8.0,43.5,51.75,66.0,18.96551724137931,EDWARDIAN PARASOL RED,2011-10
20682,293.0,8.0,254.0,8.0,36.625,31.75,-39.0,-13.310580204778159,RED RETROSPOT CHILDRENS UMBRELLA,2011-09
20685,333.0,8.0,508.0,8.0,41.625,63.5,175.0,52.552552552552555,DOORMAT RED RETROSPOT,2011-06
20711,761.0,8.0,514.0,8.0,95.125,64.25,-247.0,-32.45729303547964,JUMBO BAG TOYS ,2011-03
20712,1977.0,8.0,1728.0,8.0,247.125,216.0,-249.0,-12.5948406676783,JUMBO BAG WOODLAND ANIMALS,2011-03
20713,3652.0,8.0,1462.0,7.0,456.5,182.75,-2190.0,-59.96714129244249,JUMBO BAG OWLS,2011-09
20717,237.0,8.0,321.0,8.0,29.625,40.125,84.0,35.44303797468354,STRAWBERRY SHOPPER BAG,2011-01
20718,546.0,8.0,815.0,8.0,68.25,101.875,269.0,49.26739926739927,RED RETROSPOT SHOPPER BAG,2011-06
20719,1762.0,8.0,1979.0,8.0,220.25,247.375,217.0,12.3155505107832,WOODLAND CHARLOTTE BAG,2011-03
20723,1665.0,8.0,1563.0,8.0,208.125,195.375,-102.0,-6.126126126126126,STRAWBERRY CHARLOTTE BAG,2011-08
20724,3129.0,8.0,3726.0,8.0,391.125,465.75,597.0,19.079578139980825,RED RETROSPOT CHARLOTTE BAG,2011-11
20725,2857.0,8.0,3158.0,8.0,357.125,394.75,301.0,10.535526776338818,LUNCH BAG RED RETROSPOT,2011-05
20726,1751.0,8.0,1057.0,8.0,218.875,132.125,-694.0,-39.63449457452884,LUNCH BAG WOODLAND,2011-05
20727,2446.0,8.0,2013.0,8.0,305.75,251.625,-433.0,-17.70237121831562,LUNCH BAG  BLACK SKULL.,2011-08
20728,1922.0,8.0,1639.0,8.0,240.25,204.875,-283.0,-14.724245577523412,LUNCH BAG CARS BLUE,2011-07
20749,303.0,8.0,362.0,8.0,37.875,45.25,59.0,19.471947194719473,ASSORTED COLOUR MINI CASES,2011-11
20750,272.0,8.0,340.0,8.0,34.0,42.5,68.0,25.0,RED RETROSPOT MINI CASES,2011-11
20754,201.0,8.0,80.0,6.0,25.125,10.0,-121.0,-60.19900497512438,RETROSPOT RED WASHING UP GLOVES,2011-03
20832,217.0,5.0,173.0,7.0,27.125,21.625,-44.0,-20.276497695852534,RED FLOCK LOVE HEART PHOTO FRAME,2011-07
20914,909.0,8.0,1111.0,8.0,113.625,138.875,202.0,22.22222222222222,SET/5 RED RETROSPOT LID GLASS BOWLS,2011-07
20956,220.0,8.0,351.0,8.0,27.5,43.875,131.0,59.54545454545455,PORCELAIN T-LIGHT HOLDERS ASSORTED,2011-11
20969,865.0,8.0,551.0,8.0,108.125,68.875,-314.0,-36.30057803468208,RED FLORAL FELTCRAFT SHOULDER BAG,2011-10
20970,256.0,8.0,424.0,8.0,32.0,53.0,168.0,65.625,PINK FLORAL FELTCRAFT SHOULDER BAG,2011-11
20971,4357.0,8.0,3423.0,8.0,544.625,427.875,-934.0,-21.436768418636674,PINK BLUE FELT CRAFT TRINKET BOX,2011-10
20972,1298.0,8.0,1523.0,8.0,162.25,190.375,225.0,17.334360554699536,PINK CREAM FELT CRAFT TRINKET BOX ,2011-08
20973,295.0,4.0,2130.0,8.0,36.875,266.25,1835.0,622.0338983050848,12 PENCIL SMALL TUBE WOODLAND,2011-11
20974,725.0,8.0,1221.0,6.0,90.625,152.625,496.0,68.41379310344827,12 PENCILS SMALL TUBE SKULL,2011-08
20977,430.0,8.0,118.0,4.0,53.75,14.75,-312.0,-72.55813953488372,36 PENCILS TUBE WOODLAND,2011-08
20978,411.0,8.0,493.0,8.0,51.375,61.625,82.0,19.951338199513383,36 PENCILS TUBE SKULLS,2011-10
20979,1044.0,8.0,660.0,8.0,130.5,82.5,-384.0,-36.7816091954023,36 PENCILS TUBE RED RETROSPOT,2011-06
20981,419.0,8.0,513.0,8.0,52.375,64.125,94.0,22.434367541766107,12 PENCILS TALL TUBE WOODLAND,2011-11
20982,323.0,8.0,913.0,8.0,40.375,114.125,590.0,182.6625386996904,12 PENCILS TALL TUBE SKULLS,2011-11
20983,467.0,8.0,808.0,8.0,58.375,101.0,341.0,73.01927194860814,12 PENCILS TALL TUBE RED RETROSPOT,2011-11
20992,1031.0,8.0,1657.0,8.0,128.875,207.125,626.0,60.71774975751697,JAZZ HEARTS PURSE NOTEBOOK,2011-11
20996,588.0,8.0,989.0,8.0,73.5,123.625,401.0,68.19727891156462,JAZZ HEARTS ADDRESS BOOK,2011-06
21014,459.0,7.0,751.0,7.0,57.375,93.875,292.0,63.61655773420479,SWISS CHALET TREE DECORATION ,2011-10
21015,303.0,5.0,1041.0,8.0,37.875,130.125,738.0,243.56435643564356,DARK BIRD HOUSE TREE DECORATION,2011-11
21034,250.0,8.0,555.0,8.0,31.25,69.375,305.0,122.0,REX CASH+CARRY JUMBO SHOPPER,2011-11
21035,282.0,8.0,377.0,8.0,35.25,47.125,95.0,33.687943262411345,SET/2 RED RETROSPOT TEA TOWELS ,2011-07
21058,226.0,8.0,86.0,8.0,28.25,10.75,-140.0,-61.94690265486725,PARTY INVITES WOODLAND,2011-02
21080,1709.0,8.0,1604.0,8.0,213.625,200.5,-105.0,-6.1439438267992985,SET/20 RED RETROSPOT PAPER NAPKINS ,2011-03
21084,355.0,7.0,199.0,7.0,44.375,24.875,-156.0,-43.94366197183099,SET/6 COLLAGE PAPER CUPS,2011-05
21086,1044.0,8.0,811.0,8.0,130.5,101.375,-233.0,-22.31800766283525,SET/6 RED SPOTTY PAPER CUPS,2011-03
21088,291.0,7.0,62.0,4.0,36.375,7.75,-229.0,-78.69415807560138,SET/6 FRUIT SALAD PAPER CUPS,2011-04
21090,248.0,7.0,162.0,8.0,31.0,20.25,-86.0,-34.67741935483871,SET/6 COLLAGE PAPER PLATES,2011-05
21094,1259.0,8.0,736.0,8.0,157.375,92.0,-523.0,-41.54090548054011,SET/6 RED SPOTTY PAPER PLATES,2011-03
21098,1829.0,7.0,974.0,8.0,228.625,121.75,-855.0,-46.74685620557682,CHRISTMAS TOILET ROLL,2011-09
21114,206.0,7.0,188.0,8.0,25.75,23.5,-18.0,-8.737864077669903,LAVENDER SCENTED FABRIC HEART,2011-02
21121,856.0,8.0,1120.0,8.0,107.0,140.0,264.0,30.8411214953271,SET/10 RED POLKADOT PARTY CANDLES,2011-06
21122,591.0,8.0,633.0,8.0,73.875,79.125,42.0,7.1065989847715745,SET/10 PINK POLKADOT PARTY CANDLES,2011-06
21124,466.0,8.0,472.0,8.0,58.25,59.0,6.0,1.2875536480686696,SET/10 BLUE POLKADOT PARTY CANDLES,2011-08
21136,733.0,8.0,1092.0,8.0,91.625,136.5,359.0,48.97680763983629,PAINTED METAL PEARS ASSORTED,2011-10
21137,1325.0,8.0,2616.0,8.0,165.625,327.0,1291.0,97.43396226415094,BLACK RECORD COVER FRAME,2011-11
21154,568.0,8.0,649.0,8.0,71.0,81.125,81.0,14.26056338028169,RED RETROSPOT OVEN GLOVE ,2011-11
21155,417.0,8.0,399.0,8.0,52.125,49.875,-18.0,-4.316546762589928,RED RETROSPOT PEG BAG,2011-03
21156,420.0,8.0,862.0,8.0,52.5,107.75,442.0,105.23809523809524,RETROSPOT CHILDRENS APRON,2011-11
21158,453.0,8.0,567.0,8.0,56.625,70.875,114.0,25.165562913907287,MOODY GIRL DOOR HANGER ,2011-10
21159,319.0,8.0,441.0,8.0,39.875,55.125,122.0,38.24451410658307,MOODY BOY  DOOR HANGER ,2011-10
21162,464.0,7.0,569.0,8.0,58.0,71.125,105.0,22.629310344827587,TOXIC AREA  DOOR HANGER ,2011-10
21165,967.0,8.0,623.0,8.0,120.875,77.875,-344.0,-35.57394002068252,BEWARE OF THE CAT METAL SIGN ,2011-09
21166,2386.0,6.0,2362.0,8.0,298.25,295.25,-24.0,-1.0058675607711651,COOK WITH WINE METAL SIGN ,2011-09
21169,868.0,5.0,850.0,8.0,108.5,106.25,-18.0,-2.0737327188940093,YOU'RE CONFUSING ME METAL SIGN ,2011-09
21172,645.0,8.0,713.0,8.0,80.625,89.125,68.0,10.542635658914728,PARTY METAL SIGN ,2011-08
21174,1058.0,8.0,980.0,8.0,132.25,122.5,-78.0,-7.372400756143667,POTTERING IN THE SHED METAL SIGN,2011-09
21175,1414.0,8.0,2261.0,8.0,176.75,282.625,847.0,59.900990099009896,GIN AND TONIC DIET METAL SIGN,2011-04
21181,3117.0,6.0,2609.0,8.0,389.625,326.125,-508.0,-16.297722168752003,PLEASE ONE PERSON METAL SIGN,2011-09
21192,312.0,5.0,394.0,6.0,39.0,49.25,82.0,26.282051282051285,WHITE BELL HONEYCOMB PAPER ,2011-10
21201,218.0,6.0,447.0,6.0,27.25,55.875,229.0,105.04587155963303,TROPICAL  HONEYCOMB PAPER GARLAND ,2011-11
21207,238.0,8.0,227.0,8.0,29.75,28.375,-11.0,-4.621848739495799,SKULL AND CROSSBONES  GARLAND ,2011-10
21210,841.0,8.0,1216.0,8.0,105.125,152.0,375.0,44.589774078478,SET OF 72 RETROSPOT PAPER  DOILIES,2011-11
21212,6146.0,8.0,4401.0,8.0,768.25,550.125,-1745.0,-28.392450374227142,PACK OF 72 RETROSPOT CAKE CASES,2010-12
21213,3901.0,8.0,1843.0,8.0,487.625,230.375,-2058.0,-52.75570366572674,PACK OF 72 SKULL CAKE CASES,2011-09
21216,325.0,8.0,240.0,8.0,40.625,30.0,-85.0,-26.153846153846157,"SET 3 RETROSPOT TEA,COFFEE,SUGAR",2011-02
21218,256.0,8.0,351.0,8.0,32.0,43.875,95.0,37.109375,RED SPOTTY BISCUIT TIN,2011-02
21231,669.0,8.0,1256.0,8.0,83.625,157.0,587.0,87.74289985052317,SWEETHEART CERAMIC TRINKET BOX,2011-11
21232,1399.0,8.0,2729.0,8.0,174.875,341.125,1330.0,95.06790564689064,STRAWBERRY CERAMIC TRINKET POT,2010-12
21238,354.0,8.0,435.0,8.0,44.25,54.375,81.0,22.88135593220339,RED RETROSPOT CUP,2011-03
21239,388.0,8.0,203.0,8.0,48.5,25.375,-185.0,-47.680412371134025,PINK  POLKADOT CUP,2011-02
21242,317.0,8.0,401.0,8.0,39.625,50.125,84.0,26.498422712933756,RED RETROSPOT PLATE ,2011-03
21243,295.0,8.0,235.0,7.0,36.875,29.375,-60.0,-20.33898305084746,PINK POLKADOT PLATE ,2011-03
21287,348.0,6.0,666.0,8.0,43.5,83.25,318.0,91.37931034482759,SCENTED VELVET LOUNGE CANDLE ,2011-11
21313,431.0,8.0,584.0,8.0,53.875,73.0,153.0,35.498839907192576,GLASS HEART T-LIGHT HOLDER ,2011-03
21314,575.0,8.0,701.0,8.0,71.875,87.625,126.0,21.913043478260867,SMALL GLASS HEART TRINKET POT,2010-12
21326,2199.0,8.0,1688.0,8.0,274.875,211.0,-511.0,-23.237835379718053,AGED GLASS SILVER T-LIGHT HOLDER,2011-09
21380,304.0,8.0,178.0,8.0,38.0,22.25,-126.0,-41.44736842105263,WOODEN HAPPY BIRTHDAY GARLAND,2011-08
21381,201.0,8.0,152.0,8.0,25.125,19.0,-49.0,-24.378109452736318,MINI WOODEN HAPPY BIRTHDAY GARLAND,2011-01
21382,289.0,7.0,151.0,7.0,36.125,18.875,-138.0,-47.75086505190311,SET/4 SPRING FLOWER DECORATION,2011-09
21385,381.0,8.0,284.0,8.0,47.625,35.5,-97.0,-25.45931758530184,IVORY HANGING DECORATION  HEART,2011-03
21390,822.0,8.0,543.0,8.0,102.75,67.875,-279.0,-33.941605839416056,FILIGRIS HEART WITH BUTTERFLY,2011-09
21394,844.0,7.0,49.0,5.0,105.5,6.125,-795.0,-94.19431279620854,RED POLKADOT BEAKER ,2011-06
21400,205.0,8.0,185.0,8.0,25.625,23.125,-20.0,-9.75609756097561,RED PUDDING SPOON,2011-07
21401,231.0,8.0,143.0,8.0,28.875,17.875,-88.0,-38.095238095238095,BLUE PUDDING SPOON,2011-03
21403,297.0,6.0,329.0,7.0,37.125,41.125,32.0,10.774410774410773,BLUE EGG  SPOON,2011-11
21422,375.0,6.0,451.0,5.0,46.875,56.375,76.0,20.266666666666666,PORCELAIN ROSE SMALL,2011-10
21429,308.0,8.0,535.0,8.0,38.5,66.875,227.0,73.7012987012987,RED GINGHAM ROSE JEWELLERY BOX,2011-11
21430,403.0,8.0,303.0,8.0,50.375,37.875,-100.0,-24.81389578163772,SET/3 RED GINGHAM ROSE STORAGE BOX,2011-08
21479,321.0,8.0,1312.0,8.0,40.125,164.0,991.0,308.7227414330218,WHITE SKULL HOT WATER BOTTLE ,2010-12
21481,522.0,8.0,959.0,8.0,65.25,119.875,437.0,83.71647509578544,FAWN BLUE HOT WATER BOTTLE,2010-12
21484,281.0,8.0,683.0,8.0,35.125,85.375,402.0,143.06049822064057,CHICK GREY HOT WATER BOTTLE,2010-12
21485,1023.0,8.0,1068.0,8.0,127.875,133.5,45.0,4.398826979472141,RETROSPOT HEART HOT WATER BOTTLE,2011-09
21494,258.0,8.0,892.0,8.0,32.25,111.5,634.0,245.73643410852713,ROTATING LEAVES T-LIGHT HOLDER,2011-10
21495,850.0,8.0,1725.0,8.0,106.25,215.625,875.0,102.94117647058823,SKULLS AND CROSSBONES WRAP,2011-11
21497,2575.0,8.0,1850.0,8.0,321.875,231.25,-725.0,-28.155339805825243,FANCY FONTS BIRTHDAY WRAP,2011-10
21498,1475.0,8.0,2050.0,8.0,184.375,256.25,575.0,38.983050847457626,RED RETROSPOT WRAP ,2011-05
21499,975.0,7.0,1275.0,8.0,121.875,159.375,300.0,30.76923076923077,BLUE POLKADOT WRAP,2011-11
21500,1100.0,8.0,1075.0,8.0,137.5,134.375,-25.0,-2.272727272727273,PINK POLKADOT WRAP ,2011-03
21504,300.0,6.0,437.0,8.0,37.5,54.625,137.0,45.666666666666664,SKULLS GREETING CARD,2011-10
21506,944.0,8.0,756.0,8.0,118.0,94.5,-188.0,-19.915254237288135,"FANCY FONT BIRTHDAY CARD, ",2011-10
21507,337.0,8.0,719.0,8.0,42.125,89.875,382.0,113.35311572700297,ELEPHANT BIRTHDAY CARD ,2011-11
21508,320.0,8.0,338.0,8.0,40.0,42.25,18.0,5.625,VINTAGE KID DOLLY CARD ,2011-03
21509,526.0,7.0,536.0,8.0,65.75,67.0,10.0,1.9011406844106464,COWBOYS AND INDIANS BIRTHDAY CARD ,2011-02
21519,500.0,8.0,521.0,7.0,62.5,65.125,21.0,4.2,GIN & TONIC DIET GREETING CARD ,2011-08
21523,565.0,8.0,349.0,8.0,70.625,43.625,-216.0,-38.230088495575224,DOORMAT FANCY FONT HOME SWEET HOME,2011-07
21524,488.0,8.0,207.0,8.0,61.0,25.875,-281.0,-57.58196721311475,DOORMAT SPOTTY HOME SWEET HOME,2011-09
21531,346.0,7.0,160.0,8.0,43.25,20.0,-186.0,-53.75722543352601,RED RETROSPOT SUGAR JAM BOWL,2011-10
21535,448.0,8.0,280.0,8.0,56.0,35.0,-168.0,-37.5,RED RETROSPOT SMALL MILK JUG,2011-10
21539,228.0,8.0,73.0,4.0,28.5,9.125,-155.0,-67.98245614035088,RED RETROSPOT BUTTER DISH,2011-09
21544,302.0,8.0,390.0,8.0,37.75,48.75,88.0,29.13907284768212,SKULLS  WATER TRANSFER TATTOOS ,2011-08
21558,279.0,8.0,383.0,8.0,34.875,47.875,104.0,37.27598566308244,SKULL LUNCH BOX WITH CUTLERY ,2010-12
21559,495.0,8.0,545.0,8.0,61.875,68.125,50.0,10.1010101010101,STRAWBERRY LUNCH BOX WITH CUTLERY,2011-05
21588,255.0,7.0,699.0,8.0,31.875,87.375,444.0,174.11764705882354,RETROSPOT GIANT TUBE MATCHES,2011-11
21621,257.0,8.0,208.0,8.0,32.125,26.0,-49.0,-19.06614785992218,VINTAGE UNION JACK BUNTING,2011-03
21636,253.0,7.0,283.0,8.0,31.625,35.375,30.0,11.857707509881422,MADRAS NOTEBOOK MEDIUM,2011-06
21642,556.0,6.0,892.0,8.0,69.5,111.5,336.0,60.431654676258994,ASSORTED TUTTI FRUTTI PEN,2011-07
21650,878.0,7.0,487.0,8.0,109.75,60.875,-391.0,-44.533029612756266,ASSORTED TUTTI FRUTTI BRACELET,2011-08
21668,1010.0,8.0,704.0,8.0,126.25,88.0,-306.0,-30.297029702970296,RED STRIPE CERAMIC DRAWER KNOB,2011-06
21669,1056.0,8.0,688.0,8.0,132.0,86.0,-368.0,-34.84848484848485,BLUE STRIPE CERAMIC DRAWER KNOB,2011-09
21670,810.0,8.0,704.0,8.0,101.25,88.0,-106.0,-13.086419753086421,BLUE SPOT CERAMIC DRAWER KNOB,2011-09
21671,743.0,8.0,556.0,8.0,92.875,69.5,-187.0,-25.168236877523555,RED SPOT CERAMIC DRAWER KNOB,2011-02
21672,940.0,8.0,449.0,8.0,117.5,56.125,-491.0,-52.234042553191486,WHITE SPOT RED CERAMIC DRAWER KNOB,2011-02
21673,553.0,8.0,556.0,8.0,69.125,69.5,3.0,0.5424954792043399,WHITE SPOT BLUE CERAMIC DRAWER KNOB,2011-06
21680,317.0,8.0,149.0,7.0,39.625,18.625,-168.0,-52.99684542586751,WOODLAND  STICKERS,2011-09
21703,1850.0,8.0,2186.0,8.0,231.25,273.25,336.0,18.16216216216216,BAG 125g SWIRLY MARBLES,2011-11
21704,533.0,7.0,1320.0,8.0,66.625,165.0,787.0,147.6547842401501,BAG 250g SWIRLY MARBLES,2011-11
21731,2187.0,8.0,2895.0,8.0,273.375,361.875,708.0,32.37311385459534,RED TOADSTOOL LED NIGHT LIGHT,2011-08
21733,822.0,8.0,1999.0,8.0,102.75,249.875,1177.0,143.1873479318735,RED HANGING HEART T-LIGHT HOLDER,2011-01
21745,214.0,8.0,209.0,8.0,26.75,26.125,-5.0,-2.336448598130841,GAOLERS KEYS DECORATIVE GARDEN ,2011-09
21754,356.0,8.0,374.0,8.0,44.5,46.75,18.0,5.056179775280898,HOME BUILDING BLOCK WORD,2011-05
21755,300.0,8.0,267.0,8.0,37.5,33.375,-33.0,-11.0,LOVE BUILDING BLOCK WORD,2011-01
21770,315.0,8.0,311.0,8.0,39.375,38.875,-4.0,-1.2698412698412698,OPEN CLOSED METAL SIGN,2011-05
21786,402.0,8.0,223.0,8.0,50.25,27.875,-179.0,-44.527363184079604,POLKADOT RAIN HAT ,2010-12
21787,2974.0,8.0,3735.0,8.0,371.75,466.875,761.0,25.58843308675185,RAIN PONCHO RETROSPOT,2011-09
21788,220.0,8.0,274.0,7.0,27.5,34.25,54.0,24.545454545454547,KIDS RAIN MAC BLUE,2011-10
21789,267.0,8.0,153.0,7.0,33.375,19.125,-114.0,-42.69662921348314,KIDS RAIN MAC PINK,2011-06
21790,3328.0,8.0,4174.0,8.0,416.0,521.75,846.0,25.420673076923077,VINTAGE SNAP CARDS,2011-11
21791,1145.0,8.0,2102.0,8.0,143.125,262.75,957.0,83.58078602620087,VINTAGE HEADS AND TAILS CARD GAME ,2011-11
21802,635.0,8.0,468.0,6.0,79.375,58.5,-167.0,-26.299212598425196,CHRISTMAS TREE HEART DECORATION,2011-10
21803,555.0,8.0,945.0,7.0,69.375,118.125,390.0,70.27027027027027,CHRISTMAS TREE STAR DECORATION,2010-12
21809,1147.0,5.0,527.0,8.0,143.375,65.875,-620.0,-54.054054054054056,CHRISTMAS HANGING TREE WITH BELL,2011-10
21810,780.0,5.0,4488.0,8.0,97.5,561.0,3708.0,475.38461538461536,CHRISTMAS HANGING STAR WITH BELL,2011-11
21811,1262.0,7.0,3004.0,7.0,157.75,375.5,1742.0,138.03486529318542,HANGING HEART WITH BELL,2011-10
21818,396.0,7.0,1856.0,8.0,49.5,232.0,1460.0,368.6868686868687,GLITTER HEART DECORATION,2011-11
21819,270.0,5.0,1949.0,8.0,33.75,243.625,1679.0,621.8518518518518,GLITTER CHRISTMAS STAR ,2011-11
21823,794.0,7.0,448.0,5.0,99.25,56.0,-346.0,-43.57682619647355,PAINTED METAL HEART WITH HOLLY BELL,2011-10
21824,535.0,6.0,1271.0,6.0,66.875,158.875,736.0,137.57009345794393,PAINTED METAL STAR WITH HOLLY BELLS,2011-10
21830,409.0,6.0,6.0,5.0,51.125,0.75,-403.0,-98.53300733496333,ASSORTED CREEPY CRAWLIES,2010-12
21833,528.0,8.0,763.0,8.0,66.0,95.375,235.0,44.50757575757576,CAMOUFLAGE LED TORCH,2011-09
21844,387.0,7.0,179.0,7.0,48.375,22.375,-208.0,-53.746770025839794,RED RETROSPOT MUG,2011-10
21845,358.0,7.0,192.0,5.0,44.75,24.0,-166.0,-46.36871508379888,DAIRY MAID STRIPE MUG,2011-04
21871,1673.0,8.0,948.0,8.0,209.125,118.5,-725.0,-43.335325762104006,SAVE THE PLANET MUG,2011-08
21872,247.0,7.0,589.0,8.0,30.875,73.625,342.0,138.46153846153845,GLAMOROUS  MUG,2011-11
21873,694.0,7.0,49.0,8.0,86.75,6.125,-645.0,-92.93948126801152,IF YOU CAN'T STAND THE HEAT MUG,2011-09
21874,991.0,8.0,717.0,8.0,123.875,89.625,-274.0,-27.648839556004035,GIN AND TONIC MUG,2011-09
21875,655.0,8.0,181.0,8.0,81.875,22.625,-474.0,-72.36641221374046,KINGS CHOICE MUG,2011-08
21876,811.0,8.0,406.0,8.0,101.375,50.75,-405.0,-49.9383477188656,POTTERING MUG,2011-09
21877,1429.0,8.0,601.0,8.0,178.625,75.125,-828.0,-57.94261721483554,HOME SWEET HOME MUG,2011-06
21880,307.0,8.0,275.0,8.0,38.375,34.375,-32.0,-10.423452768729643,RED RETROSPOT TAPE,2011-01
21888,452.0,8.0,433.0,8.0,56.5,54.125,-19.0,-4.20353982300885,BINGO SET,2011-09
21889,1270.0,8.0,2326.0,8.0,158.75,290.75,1056.0,83.14960629921259,WOODEN BOX OF DOMINOES,2011-11
21891,1367.0,8.0,2116.0,8.0,170.875,264.5,749.0,54.79151426481346,TRADITIONAL WOODEN SKIPPING ROPE,2011-11
21892,416.0,8.0,1090.0,8.0,52.0,136.25,674.0,162.01923076923077,TRADITIONAL WOODEN CATCH CUP GAME ,2011-11
21899,289.0,8.0,220.0,8.0,36.125,27.5,-69.0,-23.875432525951556,GARAGE KEY FOB,2011-05
21900,392.0,8.0,288.0,8.0,49.0,36.0,-104.0,-26.53061224489796,"KEY FOB , SHED",2011-05
21901,300.0,8.0,194.0,8.0,37.5,24.25,-106.0,-35.333333333333336,"KEY FOB , BACK DOOR ",2011-04
21902,251.0,8.0,207.0,8.0,31.375,25.875,-44.0,-17.52988047808765,"KEY FOB , FRONT  DOOR ",2011-05
21907,352.0,8.0,200.0,8.0,44.0,25.0,-152.0,-43.18181818181818,I'M ON HOLIDAY METAL SIGN,2011-07
21908,701.0,8.0,904.0,8.0,87.625,113.0,203.0,28.9586305278174,CHOCOLATE THIS WAY METAL SIGN,2011-10
21912,211.0,8.0,484.0,8.0,26.375,60.5,273.0,129.38388625592415,VINTAGE SNAKES & LADDERS,2011-07
21914,1451.0,8.0,2377.0,8.0,181.375,297.125,926.0,63.818056512749834,BLUE HARMONICA IN BOX ,2011-11
21915,5580.0,8.0,6238.0,8.0,697.5,779.75,658.0,11.792114695340501,RED  HARMONICA IN BOX ,2011-11
21916,835.0,8.0,497.0,8.0,104.375,62.125,-338.0,-40.47904191616766,SET 12 RETRO WHITE CHALK STICKS,2011-03
21917,753.0,7.0,697.0,8.0,94.125,87.125,-56.0,-7.436918990703852,SET 12 KIDS  WHITE CHALK STICKS,2011-09
21918,646.0,8.0,663.0,8.0,80.75,82.875,17.0,2.631578947368421,SET 12 KIDS COLOUR  CHALK STICKS,2011-03
21928,1902.0,8.0,1293.0,8.0,237.75,161.625,-609.0,-32.018927444794954,JUMBO BAG SCANDINAVIAN BLUE PAISLEY,2011-03
21929,1866.0,8.0,990.0,8.0,233.25,123.75,-876.0,-46.94533762057878,JUMBO BAG PINK VINTAGE PAISLEY,2011-03
21930,1508.0,8.0,945.0,8.0,188.5,118.125,-563.0,-37.3342175066313,JUMBO STORAGE BAG SKULLS,2011-09
21931,2691.0,8.0,2186.0,8.0,336.375,273.25,-505.0,-18.76625789669268,JUMBO STORAGE BAG SUKI,2011-08
21932,325.0,8.0,272.0,8.0,40.625,34.0,-53.0,-16.307692307692307,SCANDINAVIAN PAISLEY PICNIC BAG,2011-05
21933,269.0,8.0,214.0,8.0,33.625,26.75,-55.0,-20.44609665427509,PINK VINTAGE PAISLEY PICNIC BAG,2011-05
21934,250.0,8.0,695.0,8.0,31.25,86.875,445.0,178.0,SKULL SHOULDER BAG,2011-11
21935,436.0,8.0,834.0,8.0,54.5,104.25,398.0,91.28440366972477,SUKI  SHOULDER BAG,2011-11
21936,258.0,7.0,141.0,8.0,32.25,17.625,-117.0,-45.348837209302324,RED RETROSPOT PICNIC BAG,2011-05
21967,452.0,8.0,634.0,8.0,56.5,79.25,182.0,40.26548672566372,PACK OF 12 SKULL TISSUES,2011-03
21974,462.0,8.0,398.0,8.0,57.75,49.75,-64.0,-13.852813852813853,SET OF 36 PAISLEY FLOWER DOILIES,2011-09
21975,3189.0,8.0,1101.0,8.0,398.625,137.625,-2088.0,-65.47507055503291,PACK OF 60 DINOSAUR CAKE CASES,2011-09
21976,814.0,8.0,659.0,8.0,101.75,82.375,-155.0,-19.04176904176904,PACK OF 60 MUSHROOM CAKE CASES,2011-06
21977,4901.0,8.0,1990.0,8.0,612.625,248.75,-2911.0,-59.396041624158336,PACK OF 60 PINK PAISLEY CAKE CASES,2011-05
21980,1327.0,8.0,679.0,8.0,165.875,84.875,-648.0,-48.83195177091183,PACK OF 12 RED RETROSPOT TISSUES ,2011-05
21981,775.0,8.0,427.0,8.0,96.875,53.375,-348.0,-44.903225806451616,PACK OF 12 WOODLAND TISSUES ,2011-03
21982,627.0,8.0,1257.0,8.0,78.375,157.125,630.0,100.47846889952152,PACK OF 12 SUKI TISSUES ,2011-02
21983,398.0,8.0,450.0,8.0,49.75,56.25,52.0,13.06532663316583,PACK OF 12 BLUE PAISLEY TISSUES ,2011-10
21984,739.0,8.0,317.0,8.0,92.375,39.625,-422.0,-57.1041948579161,PACK OF 12 PINK PAISLEY TISSUES ,2011-02
21985,1529.0,8.0,775.0,8.0,191.125,96.875,-754.0,-49.31327665140615,PACK OF 12 HEARTS DESIGN TISSUES ,2011-02
21986,446.0,8.0,414.0,8.0,55.75,51.75,-32.0,-7.174887892376682,PACK OF 12 PINK POLKADOT TISSUES,2011-02
21987,288.0,8.0,507.0,8.0,36.0,63.375,219.0,76.04166666666666,PACK OF 6 SKULL PAPER CUPS,2011-11
21988,265.0,8.0,460.0,8.0,33.125,57.5,195.0,73.58490566037736,PACK OF 6 SKULL PAPER PLATES,2011-06
21989,332.0,8.0,320.0,8.0,41.5,40.0,-12.0,-3.614457831325301,PACK OF 20 SKULL PAPER NAPKINS,2011-06
21990,236.0,8.0,565.0,8.0,29.5,70.625,329.0,139.40677966101697,MODERN FLORAL STATIONERY SET,2011-11
21992,584.0,8.0,352.0,6.0,73.0,44.0,-232.0,-39.726027397260275,VINTAGE PAISLEY STATIONERY SET,2011-09
21993,295.0,8.0,659.0,8.0,36.875,82.375,364.0,123.38983050847459,FLORAL FOLK STATIONERY SET,2011-11
22024,314.0,8.0,340.0,7.0,39.25,42.5,26.0,8.280254777070063,RAINY LADIES BIRTHDAY CARD,2011-01
22026,265.0,7.0,214.0,8.0,33.125,26.75,-51.0,-19.245283018867926,BANQUET BIRTHDAY  CARD  ,2011-05
22027,669.0,8.0,821.0,8.0,83.625,102.625,152.0,22.720478325859492,TEA PARTY BIRTHDAY CARD,2011-09
22028,483.0,8.0,572.0,8.0,60.375,71.5,89.0,18.426501035196686,PENNY FARTHING BIRTHDAY CARD,2011-06
22029,1508.0,8.0,1142.0,8.0,188.5,142.75,-366.0,-24.27055702917772,SPACEBOY BIRTHDAY CARD,2011-10
22030,785.0,5.0,1025.0,4.0,98.125,128.125,240.0,30.573248407643312,SWALLOWS GREETING CARD,2011-11
22037,756.0,8.0,447.0,8.0,94.5,55.875,-309.0,-40.87301587301587,ROBOT BIRTHDAY CARD,2011-09
22041,617.0,8.0,1016.0,8.0,77.125,127.0,399.0,64.6677471636953,"RECORD FRAME 7"" SINGLE SIZE ",2011-11
22043,426.0,7.0,718.0,8.0,53.25,89.75,292.0,68.54460093896714,CHRISTMAS CARD SCREEN PRINT ,2011-11
22044,420.0,5.0,288.0,5.0,52.5,36.0,-132.0,-31.428571428571427,CHRISTMAS CARD STACK OF PRESENTS,2011-10
22045,1325.0,7.0,1300.0,8.0,165.625,162.5,-25.0,-1.8867924528301887,SPACEBOY GIFT WRAP,2011-10
22046,325.0,8.0,425.0,7.0,40.625,53.125,100.0,30.76923076923077,TEA PARTY  WRAPPING PAPER ,2011-03
22047,325.0,6.0,775.0,8.0,40.625,96.875,450.0,138.46153846153845,EMPIRE GIFT WRAP,2011-11
22065,1422.0,8.0,4674.0,8.0,177.75,584.25,3252.0,228.69198312236287,CHRISTMAS PUDDING TRINKET POT ,2011-10
22066,319.0,7.0,529.0,8.0,39.875,66.125,210.0,65.8307210031348,LOVE HEART TRINKET POT,2011-11
22075,258.0,6.0,519.0,8.0,32.25,64.875,261.0,101.16279069767442,6 RIBBONS ELEGANT CHRISTMAS ,2011-12
22077,1795.0,8.0,2206.0,8.0,224.375,275.75,411.0,22.89693593314763,6 RIBBONS RUSTIC CHARM,2011-10
22078,250.0,8.0,311.0,8.0,31.25,38.875,61.0,24.4,RIBBON REEL LACE DESIGN ,2011-08
22079,324.0,8.0,348.0,8.0,40.5,43.5,24.0,7.4074074074074066,RIBBON REEL HEARTS DESIGN ,2011-01
22080,357.0,8.0,364.0,8.0,44.625,45.5,7.0,1.9607843137254901,RIBBON REEL POLKADOTS ,2011-08
22082,511.0,8.0,617.0,8.0,63.875,77.125,106.0,20.743639921722114,RIBBON REEL STRIPES DESIGN ,2011-11
22083,668.0,8.0,943.0,8.0,83.5,117.875,275.0,41.16766467065868,PAPER CHAIN KIT RETROSPOT,2011-11
22086,3285.0,8.0,10923.0,8.0,410.625,1365.375,7638.0,232.51141552511413,PAPER CHAIN KIT 50'S CHRISTMAS ,2011-11
22090,831.0,8.0,523.0,8.0,103.875,65.375,-308.0,-37.063778580024064,PAPER BUNTING RETROSPOT,2011-05
22091,420.0,8.0,944.0,8.0,52.5,118.0,524.0,124.76190476190476,EMPIRE TISSUE BOX,2011-10
22092,296.0,7.0,175.0,8.0,37.0,21.875,-121.0,-40.87837837837838,BLUE PAISLEY TISSUE BOX,2011-09
22093,437.0,8.0,772.0,8.0,54.625,96.5,335.0,76.65903890160183,MOTORING TISSUE BOX,2011-10
22094,926.0,8.0,618.0,8.0,115.75,77.25,-308.0,-33.261339092872575,RED RETROSPOT TISSUE BOX,2011-09
22096,779.0,8.0,223.0,8.0,97.375,27.875,-556.0,-71.37355584082157,PINK PAISLEY SQUARE TISSUE BOX ,2011-09
22097,390.0,8.0,603.0,8.0,48.75,75.375,213.0,54.61538461538461,SWALLOW SQUARE TISSUE BOX,2011-10
22098,378.0,8.0,1106.0,8.0,47.25,138.25,728.0,192.59259259259258,BOUDOIR SQUARE TISSUE BOX,2011-10
22099,340.0,8.0,558.0,8.0,42.5,69.75,218.0,64.11764705882354,CARAVAN SQUARE TISSUE BOX,2011-10
22100,293.0,7.0,203.0,7.0,36.625,25.375,-90.0,-30.716723549488055,SKULLS SQUARE TISSUE BOX,2011-08
22111,1308.0,8.0,1432.0,8.0,163.5,179.0,124.0,9.480122324159021,SCOTTIE DOG HOT WATER BOTTLE,2011-09
22112,1003.0,8.0,2579.0,8.0,125.375,322.375,1576.0,157.1286141575274,CHOCOLATE HOT WATER BOTTLE,2011-11
22113,895.0,8.0,958.0,8.0,111.875,119.75,63.0,7.039106145251396,GREY HEART HOT WATER BOTTLE,2011-11
22114,1410.0,8.0,2624.0,8.0,176.25,328.0,1214.0,86.09929078014184,HOT WATER BOTTLE TEA AND SYMPATHY,2011-11
22115,407.0,8.0,430.0,8.0,50.875,53.75,23.0,5.651105651105651,METAL SIGN EMPIRE TEA,2011-07
22116,213.0,8.0,106.0,8.0,26.625,13.25,-107.0,-50.23474178403756,METAL SIGN HIS DINNER IS SERVED,2011-08
22117,1033.0,5.0,29.0,6.0,129.125,3.625,-1004.0,-97.19264278799614,METAL SIGN HER DINNER IS SERVED ,2011-09
22130,419.0,8.0,1236.0,8.0,52.375,154.5,817.0,194.98806682577566,PARTY CONE CHRISTMAS DECORATION ,2011-11
22138,1078.0,8.0,1732.0,8.0,134.75,216.5,654.0,60.667903525046384,BAKING SET 9 PIECE RETROSPOT ,2011-11
22139,674.0,8.0,1352.0,8.0,84.25,169.0,678.0,100.59347181008901,RETROSPOT TEA SET CERAMIC 11 PC ,2011-11
22141,533.0,7.0,1686.0,8.0,66.625,210.75,1153.0,216.32270168855536,CHRISTMAS CRAFT TREE TOP ANGEL,2011-11
22142,988.0,8.0,1871.0,8.0,123.5,233.875,883.0,89.37246963562752,CHRISTMAS CRAFT WHITE FAIRY ,2011-10
22144,833.0,8.0,2367.0,8.0,104.125,295.875,1534.0,184.15366146458584,CHRISTMAS CRAFT LITTLE FRIENDS,2011-11
22147,2329.0,8.0,1262.0,7.0,291.125,157.75,-1067.0,-45.813653928724776,FELTCRAFT BUTTERFLY HEARTS,2011-10
22150,536.0,8.0,726.0,8.0,67.0,90.75,190.0,35.44776119402985,3 STRIPEY MICE FELTCRAFT,2011-11
22151,1871.0,8.0,1284.0,8.0,233.875,160.5,-587.0,-31.373597006948156,PLACE SETTING WHITE HEART,2011-05
22152,304.0,6.0,1199.0,8.0,38.0,149.875,895.0,294.40789473684214,PLACE SETTING WHITE STAR,2011-11
22153,638.0,8.0,1345.0,8.0,79.75,168.125,707.0,110.81504702194358,ANGEL DECORATION STARS ON DRESS,2011-11
22154,549.0,8.0,1643.0,8.0,68.625,205.375,1094.0,199.27140255009107,ANGEL DECORATION 3 BUTTONS ,2010-12
22155,592.0,7.0,1234.0,8.0,74.0,154.25,642.0,108.44594594594594,STAR DECORATION RUSTIC,2011-11
22156,318.0,8.0,388.0,8.0,39.75,48.5,70.0,22.0125786163522,HEART DECORATION WITH PEARLS ,2011-08
22158,495.0,8.0,1866.0,8.0,61.875,233.25,1371.0,276.96969696969694,3 HEARTS HANGING DECORATION RUSTIC,2011-11
22161,1099.0,8.0,1720.0,8.0,137.375,215.0,621.0,56.505914467697906,HEART DECORATION RUSTIC HANGING ,2011-10
22169,290.0,8.0,210.0,8.0,36.25,26.25,-80.0,-27.586206896551722,FAMILY ALBUM WHITE PICTURE FRAME,2011-09
22170,263.0,8.0,139.0,8.0,32.875,17.375,-124.0,-47.14828897338403,PICTURE FRAME WOOD TRIPLE PORTRAIT,2011-09
22173,389.0,8.0,475.0,8.0,48.625,59.375,86.0,22.10796915167095,METAL 4 HOOK HANGER FRENCH CHATEAU,2011-11
22174,310.0,8.0,565.0,8.0,38.75,70.625,255.0,82.25806451612904,PHOTO CUBE,2010-12
22178,3737.0,8.0,3977.0,8.0,467.125,497.125,240.0,6.4222638480064225,VICTORIAN GLASS HANGING T-LIGHT,2011-10
22186,278.0,7.0,508.0,8.0,34.75,63.5,230.0,82.73381294964028,RED STAR CARD HOLDER,2011-11
22187,275.0,7.0,885.0,8.0,34.375,110.625,610.0,221.8181818181818,GREEN CHRISTMAS TREE CARD HOLDER,2011-11
22188,412.0,7.0,376.0,8.0,51.5,47.0,-36.0,-8.737864077669903,BLACK HEART CARD HOLDER,2010-12
22189,920.0,8.0,780.0,8.0,115.0,97.5,-140.0,-15.217391304347828,CREAM HEART CARD HOLDER,2010-12
22193,411.0,8.0,261.0,8.0,51.375,32.625,-150.0,-36.496350364963504,RED DINER WALL CLOCK,2011-09
22196,284.0,8.0,856.0,8.0,35.5,107.0,572.0,201.40845070422534,SMALL HEART MEASURING SPOONS,2011-11
22197,6578.0,8.0,19242.0,8.0,822.25,2405.25,12664.0,192.52052295530558,POPCORN HOLDER,2011-11
22207,221.0,8.0,280.0,8.0,27.625,35.0,59.0,26.69683257918552,FRYING PAN UNION FLAG,2011-10
22208,240.0,8.0,491.0,8.0,30.0,61.375,251.0,104.58333333333334,WOOD STAMP SET THANK YOU,2011-11
22209,210.0,8.0,131.0,8.0,26.25,16.375,-79.0,-37.61904761904762,WOOD STAMP SET HAPPY BIRTHDAY,2011-06
22210,383.0,6.0,217.0,7.0,47.875,27.125,-166.0,-43.34203655352481,WOOD STAMP SET BEST WISHES,2011-09
22212,227.0,8.0,251.0,8.0,28.375,31.375,24.0,10.572687224669604,FOUR HOOK  WHITE LOVEBIRDS,2011-04
22219,531.0,8.0,878.0,8.0,66.375,109.75,347.0,65.34839924670433,LOVEBIRD HANGING DECORATION WHITE ,2011-11
22227,263.0,8.0,336.0,8.0,32.875,42.0,73.0,27.756653992395435,HANGING HEART MIRROR DECORATION ,2011-03
22268,352.0,6.0,271.0,4.0,44.0,33.875,-81.0,-23.011363636363637,DECORATION SITTING BUNNY,2011-06
22269,208.0,6.0,278.0,7.0,26.0,34.75,70.0,33.65384615384615,EGG CUP NATURAL CHICKEN,2011-10
22271,303.0,8.0,417.0,7.0,37.875,52.125,114.0,37.62376237623762,FELTCRAFT DOLL ROSIE,2011-11
22273,2251.0,8.0,1291.0,8.0,281.375,161.375,-960.0,-42.64771212794314,FELTCRAFT DOLL MOLLY,2011-10
22286,204.0,5.0,239.0,8.0,25.5,29.875,35.0,17.15686274509804,DECORATION WOBBLY RABBIT METAL ,2011-10
22294,1294.0,8.0,643.0,8.0,161.75,80.375,-651.0,-50.30911901081917,HEART FILIGREE DOVE  SMALL,2011-09
22295,401.0,8.0,466.0,8.0,50.125,58.25,65.0,16.209476309226932,HEART FILIGREE DOVE LARGE,2011-05
22296,451.0,8.0,314.0,8.0,56.375,39.25,-137.0,-30.376940133037696,HEART IVORY TRELLIS LARGE,2011-05
22297,666.0,8.0,556.0,8.0,83.25,69.5,-110.0,-16.516516516516518,HEART IVORY TRELLIS SMALL,2011-05
22301,286.0,8.0,630.0,8.0,35.75,78.75,344.0,120.27972027972027,COFFEE MUG CAT + BIRD DESIGN,2011-11
22306,339.0,8.0,700.0,8.0,42.375,87.5,361.0,106.4896755162242,SILVER MUG BONE CHINA TREE OF LIFE,2011-11
22307,236.0,6.0,452.0,8.0,29.5,56.5,216.0,91.52542372881356,GOLD MUG BONE CHINA TREE OF LIFE,2011-11
22315,246.0,6.0,101.0,8.0,30.75,12.625,-145.0,-58.94308943089431,200 RED + WHITE BENDY STRAWS,2011-09
22326,1152.0,8.0,1803.0,8.0,144.0,225.375,651.0,56.510416666666664,ROUND SNACK BOXES SET OF4 WOODLAND ,2011-08
22327,274.0,8.0,258.0,8.0,34.25,32.25,-16.0,-5.839416058394161,ROUND SNACK BOXES SET OF 4 SKULLS,2011-11
22328,656.0,8.0,915.0,8.0,82.0,114.375,259.0,39.48170731707317,ROUND SNACK BOXES SET OF 4 FRUITS ,2010-12
22329,252.0,8.0,131.0,8.0,31.5,16.375,-121.0,-48.01587301587302,ROUND CONTAINER SET OF 5 RETROSPOT,2011-02
22331,279.0,8.0,380.0,8.0,34.875,47.5,101.0,36.200716845878134,WOODLAND PARTY BAG + STICKER SET,2011-01
22333,652.0,8.0,624.0,8.0,81.5,78.0,-28.0,-4.294478527607362,RETROSPOT PARTY BAG + STICKER SET,2011-02
22335,276.0,8.0,310.0,8.0,34.5,38.75,34.0,12.318840579710146,HEART DECORATION PAINTED ZINC ,2011-08
22338,630.0,7.0,3524.0,8.0,78.75,440.5,2894.0,459.36507936507934,STAR DECORATION PAINTED ZINC ,2011-11
22339,653.0,4.0,1465.0,6.0,81.625,183.125,812.0,124.34915773353752,CHRISTMAS TREE PAINTED ZINC ,2011-10
22340,252.0,4.0,1062.0,8.0,31.5,132.75,810.0,321.42857142857144,NOEL GARLAND PAINTED ZINC ,2011-11
22342,203.0,7.0,142.0,7.0,25.375,17.75,-61.0,-30.049261083743843,HOME GARLAND PAINTED ZINC ,2011-01
22348,342.0,8.0,773.0,8.0,42.75,96.625,431.0,126.0233918128655,TEA BAG PLATE RED RETROSPOT,2010-12
22352,529.0,8.0,425.0,8.0,66.125,53.125,-104.0,-19.659735349716446,LUNCH BOX WITH CUTLERY RETROSPOT ,2011-05
22355,2267.0,8.0,3678.0,8.0,283.375,459.75,1411.0,62.24084693427437,CHARLOTTE BAG SUKI DESIGN,2011-11
22356,1310.0,8.0,2074.0,8.0,163.75,259.25,764.0,58.3206106870229,CHARLOTTE BAG PINK POLKADOT,2011-11
22365,335.0,7.0,157.0,8.0,41.875,19.625,-178.0,-53.13432835820896,DOORMAT RESPECTABLE HOUSE,2011-09
22366,258.0,8.0,143.0,8.0,32.25,17.875,-115.0,-44.57364341085272,DOORMAT AIRMAIL ,2011-09
22367,683.0,8.0,921.0,8.0,85.375,115.125,238.0,34.84626647144949,CHILDRENS APRON SPACEBOY DESIGN,2011-11
22379,1608.0,8.0,767.0,8.0,201.0,95.875,-841.0,-52.30099502487562,RECYCLING BAG RETROSPOT ,2011-10
22381,864.0,8.0,367.0,8.0,108.0,45.875,-497.0,-57.52314814814815,TOY TIDY PINK POLKADOT,2011-10
22382,1851.0,8.0,2071.0,8.0,231.375,258.875,220.0,11.885467314964885,LUNCH BAG SPACEBOY DESIGN ,2011-11
22383,2068.0,8.0,1518.0,8.0,258.5,189.75,-550.0,-26.595744680851062,LUNCH BAG SUKI DESIGN ,2011-08
22384,1557.0,8.0,1256.0,8.0,194.625,157.0,-301.0,-19.332048811817597,LUNCH BAG PINK POLKADOT,2011-07
22385,1866.0,8.0,1411.0,8.0,233.25,176.375,-455.0,-24.383708467309752,JUMBO BAG SPACEBOY DESIGN,2011-03
22386,5711.0,8.0,3552.0,8.0,713.875,444.0,-2159.0,-37.804237436526,JUMBO BAG PINK POLKADOT,2011-10
22398,730.0,8.0,640.0,8.0,91.25,80.0,-90.0,-12.32876712328767,MAGNETS PACK OF 4 SWALLOWS,2011-09
22400,336.0,8.0,406.0,8.0,42.0,50.75,70.0,20.833333333333336,MAGNETS PACK OF 4 HOME SWEET HOME,2011-07
22402,302.0,8.0,543.0,8.0,37.75,67.875,241.0,79.80132450331125,MAGNETS PACK OF 4 VINTAGE COLLAGE,2011-07
22403,220.0,4.0,231.0,8.0,27.5,28.875,11.0,5.0,MAGNETS PACK OF 4 VINTAGE LABELS ,2011-01
22411,2692.0,8.0,2189.0,8.0,336.5,273.625,-503.0,-18.684992570579496,JUMBO SHOPPER VINTAGE RED PAISLEY,2011-09
22413,410.0,8.0,332.0,8.0,51.25,41.5,-78.0,-19.024390243902438,METAL SIGN TAKE IT OR LEAVE IT ,2011-12
22417,960.0,8.0,1334.0,8.0,120.0,166.75,374.0,38.958333333333336,PACK OF 60 SPACEBOY CAKE CASES,2011-03
22418,980.0,8.0,1459.0,8.0,122.5,182.375,479.0,48.87755102040816,10 COLOUR SPACEBOY PEN,2011-10
22419,483.0,8.0,894.0,8.0,60.375,111.75,411.0,85.09316770186336,LIPSTICK PEN RED,2011-11
22421,628.0,7.0,697.0,8.0,78.5,87.125,69.0,10.987261146496815,LIPSTICK PEN FUSCHIA,2011-09
22423,1670.0,8.0,1795.0,8.0,208.75,224.375,125.0,7.48502994011976,REGENCY CAKESTAND 3 TIER,2010-12
22429,202.0,8.0,160.0,8.0,25.25,20.0,-42.0,-20.792079207920793,ENAMEL MEASURING JUG CREAM,2011-01
22435,262.0,6.0,336.0,8.0,32.75,42.0,74.0,28.24427480916031,SET OF 9 HEART SHAPED BALLOONS,2011-01
22436,255.0,8.0,452.0,7.0,31.875,56.5,197.0,77.25490196078432,12 COLOURED PARTY BALLOONS,2011-11
22437,618.0,8.0,426.0,8.0,77.25,53.25,-192.0,-31.06796116504854,SET OF 9 BLACK SKULL BALLOONS,2011-08
22439,414.0,7.0,234.0,8.0,51.75,29.25,-180.0,-43.47826086956522,6 ROCKET BALLOONS ,2011-09
22440,228.0,6.0,368.0,8.0,28.5,46.0,140.0,61.40350877192983,BALLOON WATER BOMB PACK OF 35,2011-04
22456,263.0,8.0,314.0,8.0,32.875,39.25,51.0,19.39163498098859,NATURAL SLATE CHALKBOARD LARGE ,2011-10
22457,1182.0,8.0,1475.0,8.0,147.75,184.375,293.0,24.78849407783418,NATURAL SLATE HEART CHALKBOARD ,2011-12
22460,298.0,8.0,542.0,8.0,37.25,67.75,244.0,81.87919463087249,EMBOSSED GLASS TEALIGHT HOLDER,2011-06
22464,438.0,8.0,536.0,8.0,54.75,67.0,98.0,22.37442922374429,HANGING METAL HEART LANTERN,2011-12
22465,337.0,8.0,515.0,8.0,42.125,64.375,178.0,52.818991097922854,HANGING METAL STAR LANTERN,2011-12
22466,329.0,8.0,636.0,8.0,41.125,79.5,307.0,93.3130699088146,FAIRY TALE COTTAGE NIGHT LIGHT,2010-12
22467,1105.0,8.0,1777.0,8.0,138.125,222.125,672.0,60.81447963800905,GUMBALL COAT RACK,2011-06
22469,2456.0,8.0,3548.0,8.0,307.0,443.5,1092.0,44.462540716612374,HEART OF WICKER SMALL,2011-01
22470,1521.0,8.0,2127.0,8.0,190.125,265.875,606.0,39.8422090729783,HEART OF WICKER LARGE,2011-01
22488,474.0,8.0,620.0,8.0,59.25,77.5,146.0,30.801687763713083,NATURAL SLATE RECTANGLE CHALKBOARD,2011-05
22489,1285.0,8.0,1908.0,8.0,160.625,238.5,623.0,48.48249027237354,PACK OF 12 TRADITIONAL CRAYONS,2011-05
22491,311.0,8.0,659.0,8.0,38.875,82.375,348.0,111.89710610932475,PACK OF 12 COLOURED PENCILS,2011-06
22492,5251.0,8.0,5715.0,8.0,656.375,714.375,464.0,8.836412111978671,MINI PAINT SET VINTAGE ,2011-09
22507,635.0,8.0,295.0,8.0,79.375,36.875,-340.0,-53.54330708661418,MEMO BOARD RETROSPOT  DESIGN,2011-09
22508,867.0,8.0,221.0,8.0,108.375,27.625,-646.0,-74.50980392156863,DOORSTOP RETROSPOT HEART,2011-09
22530,704.0,8.0,1111.0,8.0,88.0,138.875,407.0,57.8125,MAGIC DRAWING SLATE DOLLY GIRL ,2011-11
22531,440.0,8.0,625.0,8.0,55.0,78.125,185.0,42.04545454545455,MAGIC DRAWING SLATE CIRCUS PARADE  ,2011-04
22532,310.0,6.0,147.0,7.0,38.75,18.375,-163.0,-52.58064516129032,MAGIC DRAWING SLATE LEAP FROG ,2011-09
22533,253.0,7.0,114.0,8.0,31.625,14.25,-139.0,-54.9407114624506,MAGIC DRAWING SLATE BAKE A CAKE ,2011-04
22534,837.0,8.0,988.0,8.0,104.625,123.5,151.0,18.040621266427717,MAGIC DRAWING SLATE SPACEBOY ,2011-04
22535,465.0,8.0,351.0,8.0,58.125,43.875,-114.0,-24.516129032258064,MAGIC DRAWING SLATE BUNNIES ,2011-09
22536,572.0,8.0,365.0,8.0,71.5,45.625,-207.0,-36.18881118881119,MAGIC DRAWING SLATE PURDEY,2010-12
22537,394.0,8.0,572.0,7.0,49.25,71.5,178.0,45.17766497461929,MAGIC DRAWING SLATE DINOSAUR,2011-11
22539,675.0,8.0,486.0,8.0,84.375,60.75,-189.0,-28.000000000000004,MINI JIGSAW DOLLY GIRL,2011-10
22544,975.0,8.0,628.0,8.0,121.875,78.5,-347.0,-35.58974358974359,MINI JIGSAW SPACEBOY,2011-04
22546,416.0,6.0,384.0,8.0,52.0,48.0,-32.0,-7.6923076923076925,MINI JIGSAW PURDEY,2011-04
22548,722.0,8.0,116.0,5.0,90.25,14.5,-606.0,-83.93351800554017,HEADS AND TAILS SPORTING FUN,2011-09
22549,483.0,8.0,959.0,8.0,60.375,119.875,476.0,98.55072463768117,PICTURE DOMINOES,2011-11
22551,1175.0,8.0,1798.0,8.0,146.875,224.75,623.0,53.02127659574468,PLASTERS IN TIN SPACEBOY,2011-01
22553,948.0,8.0,1148.0,8.0,118.5,143.5,200.0,21.09704641350211,PLASTERS IN TIN SKULLS,2011-11
22554,1243.0,8.0,1891.0,8.0,155.375,236.375,648.0,52.13193885760258,PLASTERS IN TIN WOODLAND ANIMALS,2011-11
22555,998.0,8.0,1138.0,8.0,124.75,142.25,140.0,14.02805611222445,PLASTERS IN TIN STRONGMAN,2011-03
22556,972.0,8.0,1279.0,8.0,121.5,159.875,307.0,31.584362139917694,PLASTERS IN TIN CIRCUS PARADE ,2011-03
22557,771.0,8.0,1052.0,8.0,96.375,131.5,281.0,36.4461738002594,PLASTERS IN TIN VINTAGE PAISLEY ,2011-01
22558,1334.0,8.0,1109.0,8.0,166.75,138.625,-225.0,-16.866566716641678,CLOTHES PEGS RETROSPOT PACK 24 ,2010-12
22560,1432.0,8.0,1662.0,8.0,179.0,207.75,230.0,16.061452513966483,TRADITIONAL MODELLING CLAY,2011-11
22561,959.0,8.0,1434.0,8.0,119.875,179.25,475.0,49.53076120959333,WOODEN SCHOOL COLOURING SET,2011-08
22562,350.0,8.0,376.0,8.0,43.75,47.0,26.0,7.428571428571429,MONSTERS STENCIL CRAFT,2011-09
22563,489.0,8.0,598.0,8.0,61.125,74.75,109.0,22.290388548057262,HAPPY STENCIL CRAFT,2011-04
22564,206.0,8.0,614.0,8.0,25.75,76.75,408.0,198.05825242718447,ALPHABET STENCIL CRAFT,2011-08
22567,215.0,8.0,317.0,8.0,26.875,39.625,102.0,47.44186046511628,20 DOLLY PEGS RETROSPOT,2011-04
22568,974.0,8.0,887.0,8.0,121.75,110.875,-87.0,-8.932238193018481,FELTCRAFT CUSHION OWL,2011-10
22571,403.0,7.0,1180.0,8.0,50.375,147.5,777.0,192.80397022332508,ROCKING HORSE RED CHRISTMAS ,2011-11
22572,261.0,6.0,804.0,8.0,32.625,100.5,543.0,208.04597701149424,ROCKING HORSE GREEN CHRISTMAS ,2011-11
22573,1054.0,8.0,1229.0,8.0,131.75,153.625,175.0,16.603415559772298,STAR WOODEN CHRISTMAS DECORATION,2011-09
22574,297.0,8.0,1464.0,8.0,37.125,183.0,1167.0,392.92929292929296,HEART WOODEN CHRISTMAS DECORATION,2011-11
22575,276.0,8.0,212.0,7.0,34.5,26.5,-64.0,-23.18840579710145,METAL MERRY CHRISTMAS WREATH,2011-10
22576,202.0,7.0,878.0,8.0,25.25,109.75,676.0,334.65346534653463,SWALLOW WOODEN CHRISTMAS DECORATION,2011-11
22577,1918.0,8.0,7795.0,8.0,239.75,974.375,5877.0,306.4129301355579,WOODEN HEART CHRISTMAS SCANDINAVIAN,2011-11
22578,1751.0,5.0,7537.0,8.0,218.875,942.125,5786.0,330.43974871502,WOODEN STAR CHRISTMAS SCANDINAVIAN,2011-11
22579,1136.0,6.0,3796.0,8.0,142.0,474.5,2660.0,234.1549295774648,WOODEN TREE CHRISTMAS SCANDINAVIAN,2011-11
22580,324.0,8.0,870.0,8.0,40.5,108.75,546.0,168.5185185185185,ADVENT CALENDAR GINGHAM SACK,2011-11
22581,217.0,7.0,939.0,8.0,27.125,117.375,722.0,332.71889400921657,WOOD STOCKING CHRISTMAS SCANDISPOT,2011-11
22582,249.0,7.0,117.0,8.0,31.125,14.625,-132.0,-53.01204819277109,PACK OF 6 SWEETIE GIFT BOXES,2011-07
22584,450.0,7.0,372.0,8.0,56.25,46.5,-78.0,-17.333333333333336,PACK OF 6 PANETTONE GIFT BOXES,2011-04
22585,702.0,8.0,1788.0,8.0,87.75,223.5,1086.0,154.7008547008547,PACK OF 6 BIRDY GIFT TAGS,2010-12
22588,205.0,8.0,227.0,8.0,25.625,28.375,22.0,10.731707317073171,CARD HOLDER GINGHAM HEART,2011-11
22593,431.0,7.0,1209.0,8.0,53.875,151.125,778.0,180.51044083526682,CHRISTMAS GINGHAM STAR,2011-11
22594,373.0,6.0,1063.0,8.0,46.625,132.875,690.0,184.98659517426273,CHRISTMAS GINGHAM TREE,2011-11
22595,970.0,8.0,3536.0,8.0,121.25,442.0,2566.0,264.5360824742268,GINGHAM HEART DECORATION,2011-10
22596,885.0,8.0,1714.0,8.0,110.625,214.25,829.0,93.67231638418079,CHRISTMAS STAR WISH LIST CHALKBOARD,2011-11
22597,369.0,6.0,1991.0,8.0,46.125,248.875,1622.0,439.56639566395665,MUSICAL ZINC HEART DECORATION ,2011-11
22599,414.0,6.0,1398.0,8.0,51.75,174.75,984.0,237.68115942028984,CHRISTMAS MUSICAL ZINC STAR,2011-11
22600,352.0,8.0,855.0,8.0,44.0,106.875,503.0,142.89772727272728,CHRISTMAS RETROSPOT STAR WOOD,2011-11
22601,1009.0,8.0,967.0,8.0,126.125,120.875,-42.0,-4.162537165510407,CHRISTMAS RETROSPOT ANGEL WOOD,2011-09
22602,468.0,8.0,796.0,8.0,58.5,99.5,328.0,70.08547008547008,RETROSPOT WOODEN HEART DECORATION,2011-10
22603,281.0,7.0,733.0,8.0,35.125,91.625,452.0,160.85409252669038,CHRISTMAS RETROSPOT TREE WOOD,2011-11
22608,888.0,8.0,1095.0,8.0,111.0,136.875,207.0,23.31081081081081,PENS ASSORTED FUNKY JEWELED ,2011-06
22609,878.0,6.0,1703.0,8.0,109.75,212.875,825.0,93.96355353075171,PENS ASSORTED SPACEBALL,2011-11
22610,1621.0,8.0,2882.0,8.0,202.625,360.25,1261.0,77.79148673658236,PENS ASSORTED FUNNY FACE,2011-11
22613,212.0,8.0,104.0,8.0,26.5,13.0,-108.0,-50.943396226415096,PACK OF 20 SPACEBOY NAPKINS,2011-01
22614,756.0,8.0,517.0,8.0,94.5,64.625,-239.0,-31.613756613756617,PACK OF 12 SPACEBOY TISSUES,2011-09
22615,338.0,8.0,312.0,8.0,42.25,39.0,-26.0,-7.6923076923076925,PACK OF 12 CIRCUS PARADE TISSUES ,2011-03
22616,2716.0,8.0,4065.0,8.0,339.5,508.125,1349.0,49.668630338733436,PACK OF 12 LONDON TISSUES ,2011-03
22617,250.0,8.0,883.0,8.0,31.25,110.375,633.0,253.2,BAKING SET SPACEBOY DESIGN,2011-11
22619,457.0,8.0,664.0,8.0,57.125,83.0,207.0,45.29540481400438,SET OF 6 SOLDIER SKITTLES,2011-11
22620,521.0,8.0,1069.0,8.0,65.125,133.625,548.0,105.1823416506718,4 TRADITIONAL SPINNING TOPS,2011-03
22621,914.0,8.0,2103.0,8.0,114.25,262.875,1189.0,130.08752735229757,TRADITIONAL KNITTING NANCY,2011-11
22622,257.0,8.0,254.0,8.0,32.125,31.75,-3.0,-1.1673151750972763,BOX OF VINTAGE ALPHABET BLOCKS,2010-12
22623,221.0,8.0,233.0,8.0,27.625,29.125,12.0,5.429864253393665,BOX OF VINTAGE JIGSAW BLOCKS ,2011-10
22624,355.0,8.0,346.0,8.0,44.375,43.25,-9.0,-2.535211267605634,IVORY KITCHEN SCALES,2011-06
22625,280.0,8.0,282.0,8.0,35.0,35.25,2.0,0.7142857142857143,RED KITCHEN SCALES,2011-06
22629,2300.0,8.0,2208.0,8.0,287.5,276.0,-92.0,-4.0,SPACEBOY LUNCH BOX ,2011-08
22630,2190.0,8.0,1618.0,8.0,273.75,202.25,-572.0,-26.118721461187217,DOLLY GIRL LUNCH BOX,2011-03
22631,703.0,8.0,608.0,8.0,87.875,76.0,-95.0,-13.513513513513514,CIRCUS PARADE LUNCH BOX ,2011-06
22632,1452.0,8.0,1932.0,8.0,181.5,241.5,480.0,33.057851239669425,HAND WARMER RED RETROSPOT,2011-11
22633,1283.0,7.0,2326.0,8.0,160.375,290.75,1043.0,81.2938425565082,HAND WARMER UNION JACK,2011-10
22637,1193.0,8.0,289.0,7.0,149.125,36.125,-904.0,-75.7753562447611,PIGGY BANK RETROSPOT ,2011-09
22644,232.0,8.0,286.0,8.0,29.0,35.75,54.0,23.275862068965516,CERAMIC CHERRY CAKE MONEY BANK,2011-12
22645,283.0,8.0,420.0,8.0,35.375,52.5,137.0,48.409893992932865,CERAMIC HEART FAIRY CAKE MONEY BANK,2010-12
22646,480.0,8.0,1037.0,8.0,60.0,129.625,557.0,116.04166666666667,CERAMIC STRAWBERRY CAKE MONEY BANK,2011-12
22651,319.0,7.0,274.0,8.0,39.875,34.25,-45.0,-14.106583072100312,GENTLEMAN SHIRT REPAIR KIT ,2011-02
22652,1065.0,8.0,352.0,6.0,133.125,44.0,-713.0,-66.94835680751173,TRAVEL SEWING KIT,2011-02
22653,375.0,8.0,468.0,8.0,46.875,58.5,93.0,24.8,BUTTON BOX ,2011-02
22659,1652.0,8.0,1262.0,8.0,206.5,157.75,-390.0,-23.60774818401937,LUNCH BOX I LOVE LONDON,2011-03
22661,631.0,8.0,875.0,8.0,78.875,109.375,244.0,38.66877971473851,CHARLOTTE BAG DOLLY GIRL DESIGN,2011-08
22662,1083.0,8.0,786.0,8.0,135.375,98.25,-297.0,-27.42382271468144,LUNCH BAG DOLLY GIRL DESIGN,2011-08
22663,606.0,8.0,430.0,8.0,75.75,53.75,-176.0,-29.042904290429046,JUMBO BAG DOLLY GIRL DESIGN,2011-03
22666,1695.0,8.0,1601.0,8.0,211.875,200.125,-94.0,-5.545722713864307,RECIPE BOX PANTRY YELLOW DESIGN,2011-09
22667,436.0,8.0,588.0,8.0,54.5,73.5,152.0,34.862385321100916,RECIPE BOX RETROSPOT ,2011-07
22668,398.0,8.0,167.0,8.0,49.75,20.875,-231.0,-58.040201005025125,PINK BABY BUNTING,2011-02
22670,268.0,8.0,263.0,8.0,33.5,32.875,-5.0,-1.8656716417910446,FRENCH WC SIGN BLUE METAL,2011-08
22676,212.0,8.0,277.0,8.0,26.5,34.625,65.0,30.660377358490564,FRENCH BLUE METAL DOOR SIGN 1,2011-08
22677,203.0,7.0,213.0,8.0,25.375,26.625,10.0,4.926108374384237,FRENCH BLUE METAL DOOR SIGN 2,2011-08
22686,205.0,7.0,282.0,8.0,25.625,35.25,77.0,37.5609756097561,FRENCH BLUE METAL DOOR SIGN No,2011-10
22687,553.0,8.0,22.0,5.0,69.125,2.75,-531.0,-96.02169981916818,DOORMAT CHRISTMAS VILLAGE,2011-09
22688,650.0,5.0,15.0,6.0,81.25,1.875,-635.0,-97.6923076923077,DOORMAT PEACE ON EARTH BLUE,2011-09
22689,424.0,8.0,190.0,8.0,53.0,23.75,-234.0,-55.188679245283026,DOORMAT MERRY CHRISTMAS RED ,2011-09
22690,319.0,8.0,139.0,8.0,39.875,17.375,-180.0,-56.42633228840125,DOORMAT HOME SWEET HOME BLUE ,2011-06
22692,496.0,8.0,155.0,8.0,62.0,19.375,-341.0,-68.75,DOORMAT WELCOME TO OUR HOME,2011-09
22693,615.0,8.0,1938.0,8.0,76.875,242.25,1323.0,215.1219512195122,GROW A FLYTRAP OR SUNFLOWER IN TIN,2011-02
22694,323.0,8.0,791.0,8.0,40.375,98.875,468.0,144.89164086687308,WICKER STAR ,2011-11
22696,251.0,8.0,245.0,8.0,31.375,30.625,-6.0,-2.3904382470119523,WICKER WREATH LARGE,2011-09
22697,1453.0,8.0,862.0,8.0,181.625,107.75,-591.0,-40.674466620784585,GREEN REGENCY TEACUP AND SAUCER,2011-09
22698,1391.0,8.0,768.0,8.0,173.875,96.0,-623.0,-44.78792235801581,PINK REGENCY TEACUP AND SAUCER,2011-09
22699,1697.0,8.0,1176.0,8.0,212.125,147.0,-521.0,-30.701237477902183,ROSES REGENCY TEACUP AND SAUCER ,2011-06
22704,725.0,8.0,850.0,8.0,90.625,106.25,125.0,17.24137931034483,WRAP RED APPLES ,2011-06
22705,250.0,5.0,350.0,7.0,31.25,43.75,100.0,40.0,WRAP GREEN PEARS ,2011-06
22706,225.0,6.0,250.0,4.0,28.125,31.25,25.0,11.11111111111111,WRAP COWBOYS  ,2011-07
22708,475.0,7.0,650.0,8.0,59.375,81.25,175.0,36.84210526315789,WRAP DOLLY GIRL,2011-03
22710,975.0,7.0,625.0,7.0,121.875,78.125,-350.0,-35.8974358974359,WRAP I LOVE LONDON ,2011-10
22711,350.0,7.0,450.0,6.0,43.75,56.25,100.0,28.57142857142857,WRAP CIRCUS PARADE,2011-07
22712,771.0,8.0,796.0,8.0,96.375,99.5,25.0,3.24254215304799,CARD DOLLY GIRL ,2011-05
22713,789.0,8.0,252.0,8.0,98.625,31.5,-537.0,-68.06083650190115,CARD I LOVE LONDON ,2011-10
22714,250.0,8.0,894.0,8.0,31.25,111.75,644.0,257.6,CARD BIRTHDAY COWBOY,2011-11
22716,465.0,8.0,415.0,8.0,58.125,51.875,-50.0,-10.75268817204301,CARD CIRCUS PARADE,2011-02
22717,267.0,8.0,137.0,7.0,33.375,17.125,-130.0,-48.68913857677903,CARD DOG AND BALL ,2011-03
22718,320.0,8.0,177.0,6.0,40.0,22.125,-143.0,-44.6875,CARD CAT AND TREE ,2011-09
22720,1762.0,8.0,1080.0,8.0,220.25,135.0,-682.0,-38.70601589103292,SET OF 3 CAKE TINS PANTRY DESIGN ,2011-09
22722,1834.0,7.0,881.0,8.0,229.25,110.125,-953.0,-51.962922573609596,SET OF 6 SPICE TINS PANTRY DESIGN,2011-09
22725,431.0,8.0,486.0,8.0,53.875,60.75,55.0,12.761020881670534,ALARM CLOCK BAKELIKE CHOCOLATE,2011-10
22726,1423.0,8.0,1902.0,8.0,177.875,237.75,479.0,33.661278988053404,ALARM CLOCK BAKELIKE GREEN,2011-10
22727,1572.0,8.0,1976.0,8.0,196.5,247.0,404.0,25.699745547073793,ALARM CLOCK BAKELIKE RED ,2011-10
22728,1433.0,8.0,1483.0,8.0,179.125,185.375,50.0,3.4891835310537336,ALARM CLOCK BAKELIKE PINK,2011-10
22729,595.0,8.0,53.0,8.0,74.375,6.625,-542.0,-91.09243697478992,ALARM CLOCK BAKELIKE ORANGE,2011-04
22730,858.0,8.0,775.0,8.0,107.25,96.875,-83.0,-9.673659673659674,ALARM CLOCK BAKELIKE IVORY,2011-10
22731,448.0,7.0,486.0,8.0,56.0,60.75,38.0,8.482142857142858,3D CHRISTMAS STAMPS STICKERS ,2011-10
22732,538.0,8.0,871.0,8.0,67.25,108.875,333.0,61.89591078066915,3D VINTAGE CHRISTMAS STICKERS ,2011-10
22733,565.0,8.0,773.0,8.0,70.625,96.625,208.0,36.8141592920354,3D TRADITIONAL CHRISTMAS STICKERS,2011-10
22734,1106.0,8.0,1850.0,8.0,138.25,231.25,744.0,67.26943942133815,SET OF 6 RIBBONS VINTAGE CHRISTMAS,2011-11
22735,297.0,8.0,341.0,8.0,37.125,42.625,44.0,14.814814814814813,RIBBON REEL SOCKS AND MITTENS,2011-10
22736,460.0,8.0,528.0,8.0,57.5,66.0,68.0,14.782608695652174,RIBBON REEL MAKING SNOWMEN ,2011-11
22737,406.0,8.0,704.0,8.0,50.75,88.0,298.0,73.39901477832512,RIBBON REEL CHRISTMAS PRESENT ,2011-11
22738,1006.0,8.0,776.0,8.0,125.75,97.0,-230.0,-22.86282306163022,RIBBON REEL SNOWY VILLAGE,2011-09
22739,584.0,8.0,803.0,8.0,73.0,100.375,219.0,37.5,RIBBON REEL CHRISTMAS SOCK BAUBLE,2011-10
22741,2005.0,8.0,1343.0,8.0,250.625,167.875,-662.0,-33.01745635910224,FUNKY DIVA PEN,2011-09
22745,281.0,8.0,379.0,8.0,35.125,47.375,98.0,34.87544483985765,POPPY'S PLAYHOUSE BEDROOM ,2011-03
22746,229.0,8.0,225.0,8.0,28.625,28.125,-4.0,-1.7467248908296942,POPPY'S PLAYHOUSE LIVINGROOM ,2011-03
22748,320.0,8.0,414.0,8.0,40.0,51.75,94.0,29.375,POPPY'S PLAYHOUSE KITCHEN,2011-03
22749,459.0,8.0,677.0,8.0,57.375,84.625,218.0,47.49455337690632,FELTCRAFT PRINCESS CHARLOTTE DOLL,2011-10
22750,441.0,8.0,499.0,8.0,55.125,62.375,58.0,13.151927437641723,FELTCRAFT PRINCESS LOLA DOLL,2011-10
22751,573.0,8.0,290.0,8.0,71.625,36.25,-283.0,-49.389179755671904,FELTCRAFT PRINCESS OLIVIA DOLL,2011-09
22752,215.0,8.0,300.0,8.0,26.875,37.5,85.0,39.53488372093023,SET 7 BABUSHKA NESTING BOXES,2010-12
22759,1363.0,8.0,1530.0,8.0,170.375,191.25,167.0,12.252384446074835,SET OF 3 NOTEBOOKS IN PARCEL,2011-10
22766,897.0,8.0,437.0,8.0,112.125,54.625,-460.0,-51.28205128205128,PHOTO FRAME CORNICE,2011-09
22767,247.0,8.0,106.0,8.0,30.875,13.25,-141.0,-57.08502024291497,TRIPLE PHOTO FRAME CORNICE ,2011-09
22768,267.0,8.0,143.0,8.0,33.375,17.875,-124.0,-46.441947565543074,FAMILY PHOTO FRAME CORNICE,2011-09
22771,903.0,8.0,1001.0,8.0,112.875,125.125,98.0,10.852713178294573,CLEAR DRAWER KNOB ACRYLIC EDWARDIAN,2011-04
22772,473.0,8.0,430.0,8.0,59.125,53.75,-43.0,-9.090909090909092,PINK DRAWER KNOB ACRYLIC EDWARDIAN,2011-02
22773,237.0,6.0,224.0,7.0,29.625,28.0,-13.0,-5.485232067510549,GREEN DRAWER KNOB ACRYLIC EDWARDIAN,2010-12
22774,272.0,8.0,273.0,8.0,34.0,34.125,1.0,0.3676470588235294,RED DRAWER KNOB ACRYLIC EDWARDIAN,2010-12
22775,509.0,8.0,562.0,8.0,63.625,70.25,53.0,10.412573673870334,PURPLE DRAWERKNOB ACRYLIC EDWARDIAN,2011-02
22784,215.0,8.0,189.0,8.0,26.875,23.625,-26.0,-12.093023255813954,LANTERN CREAM GAZEBO ,2011-06
22791,1328.0,8.0,2009.0,8.0,166.0,251.125,681.0,51.28012048192772,T-LIGHT GLASS FLUTED ANTIQUE,2011-11
22792,368.0,7.0,1171.0,8.0,46.0,146.375,803.0,218.2065217391304,FLUTED ANTIQUE CANDLE HOLDER,2011-11
22795,255.0,8.0,220.0,8.0,31.875,27.5,-35.0,-13.725490196078432,SWEETHEART RECIPE BOOK STAND,2011-09
22798,387.0,8.0,362.0,8.0,48.375,45.25,-25.0,-6.459948320413436,ANTIQUE GLASS DRESSING TABLE POT,2011-10
22804,238.0,8.0,948.0,8.0,29.75,118.5,710.0,298.31932773109247,PINK HANGING HEART T-LIGHT HOLDER,2011-11
22805,325.0,8.0,234.0,8.0,40.625,29.25,-91.0,-28.000000000000004,BLUE DRAWER KNOB ACRYLIC EDWARDIAN,2011-04
22809,287.0,8.0,687.0,8.0,35.875,85.875,400.0,139.37282229965157,SET OF 6 T-LIGHTS SANTA,2011-11
22812,938.0,6.0,467.0,8.0,117.25,58.375,-471.0,-50.2132196162047,PACK 3 BOXES CHRISTMAS PANETTONE,2011-09
22813,749.0,8.0,358.0,8.0,93.625,44.75,-391.0,-52.20293724966623,PACK 3 BOXES BIRD PANETTONE ,2011-09
22814,246.0,8.0,352.0,8.0,30.75,44.0,106.0,43.08943089430895,CARD PARTY GAMES ,2011-07
22815,580.0,8.0,433.0,8.0,72.5,54.125,-147.0,-25.344827586206897,CARD PSYCHEDELIC APPLES,2011-09
22816,768.0,8.0,2257.0,8.0,96.0,282.125,1489.0,193.88020833333331,CARD MOTORBIKE SANTA,2011-11
22817,278.0,7.0,514.0,8.0,34.75,64.25,236.0,84.89208633093526,CARD SUKI BIRTHDAY,2011-01
22818,1009.0,8.0,2032.0,8.0,126.125,254.0,1023.0,101.38751238850348,CARD CHRISTMAS VILLAGE,2011-11
22819,420.0,8.0,583.0,8.0,52.5,72.875,163.0,38.80952380952381,"BIRTHDAY CARD, RETRO SPOT",2011-01
22835,848.0,8.0,1434.0,8.0,106.0,179.25,586.0,69.10377358490565,HOT WATER BOTTLE I AM SO POORLY,2011-11
22847,217.0,8.0,162.0,8.0,27.125,20.25,-55.0,-25.34562211981567,BREAD BIN DINER STYLE IVORY,2011-09
22851,273.0,8.0,383.0,8.0,34.125,47.875,110.0,40.29304029304029,SET 20 NAPKINS FAIRY CAKES DESIGN ,2011-03
22865,2968.0,7.0,3767.0,8.0,371.0,470.875,799.0,26.92048517520216,HAND WARMER OWL DESIGN,2011-11
22866,2125.0,7.0,3056.0,8.0,265.625,382.0,931.0,43.811764705882354,HAND WARMER SCOTTY DOG DESIGN,2011-11
22867,1758.0,7.0,2435.0,8.0,219.75,304.375,677.0,38.50967007963595,HAND WARMER BIRD DESIGN,2011-11
22892,308.0,8.0,307.0,6.0,38.5,38.375,-1.0,-0.3246753246753247,SET OF SALT AND PEPPER TOADSTOOLS,2011-10
22893,360.0,7.0,101.0,7.0,45.0,12.625,-259.0,-71.94444444444444,MINI CAKE STAND T-LIGHT HOLDER,2011-04
22895,395.0,8.0,241.0,8.0,49.375,30.125,-154.0,-38.9873417721519,SET OF 2 TEA TOWELS APPLE AND PEARS,2011-03
22898,401.0,8.0,595.0,8.0,50.125,74.375,194.0,48.37905236907731,CHILDRENS APRON APPLES DESIGN,2011-11
22899,349.0,8.0,456.0,8.0,43.625,57.0,107.0,30.659025787965614,CHILDREN'S APRON DOLLY GIRL ,2011-11
22900,515.0,8.0,621.0,8.0,64.375,77.625,106.0,20.58252427184466,SET 2 TEA TOWELS I LOVE LONDON ,2011-03
22902,212.0,7.0,183.0,8.0,26.5,22.875,-29.0,-13.679245283018867,TOTE BAG I LOVE LONDON,2011-04
22904,263.0,8.0,404.0,6.0,32.875,50.5,141.0,53.61216730038023,CALENDAR PAPER CUT DESIGN,2011-10
22906,225.0,8.0,336.0,8.0,28.125,42.0,111.0,49.333333333333336,12 MESSAGE CARDS WITH ENVELOPES,2011-11
22907,990.0,8.0,658.0,8.0,123.75,82.25,-332.0,-33.535353535353536,PACK OF 20 NAPKINS PANTRY DESIGN,2011-03
22908,539.0,8.0,340.0,8.0,67.375,42.5,-199.0,-36.92022263450835,PACK OF 20 NAPKINS RED APPLES,2011-01
22909,2919.0,8.0,3881.0,8.0,364.875,485.125,962.0,32.95649194929771,SET OF 20 VINTAGE CHRISTMAS NAPKINS,2011-11
22910,2403.0,8.0,5215.0,8.0,300.375,651.875,2812.0,117.02039117769453,PAPER CHAIN KIT VINTAGE CHRISTMAS,2011-11
22915,355.0,7.0,541.0,7.0,44.375,67.625,186.0,52.394366197183096,ASSORTED BOTTLE TOP  MAGNETS ,2011-12
22940,737.0,8.0,770.0,8.0,92.125,96.25,33.0,4.477611940298507,FELTCRAFT CHRISTMAS FAIRY,2011-10
22941,720.0,7.0,668.0,8.0,90.0,83.5,-52.0,-7.222222222222221,CHRISTMAS LIGHTS 10 REINDEER,2011-09
22943,382.0,8.0,577.0,8.0,47.75,72.125,195.0,51.047120418848166,CHRISTMAS LIGHTS 10 VINTAGE BAUBLES,2011-10
22945,965.0,8.0,1202.0,8.0,120.625,150.25,237.0,24.559585492227978,CHRISTMAS METAL TAGS ASSORTED ,2011-11
22948,294.0,7.0,316.0,8.0,36.75,39.5,22.0,7.482993197278912,METAL DECORATION NAUGHTY CHILDREN ,2011-02
22950,3198.0,8.0,579.0,5.0,399.75,72.375,-2619.0,-81.89493433395873,36 DOILIES VINTAGE CHRISTMAS,2011-09
22951,1322.0,8.0,1496.0,8.0,165.25,187.0,174.0,13.161875945537066,60 CAKE CASES DOLLY GIRL DESIGN,2011-03
22952,4767.0,8.0,7707.0,8.0,595.875,963.375,2940.0,61.67400881057269,60 CAKE CASES VINTAGE CHRISTMAS,2011-11
22956,347.0,8.0,178.0,8.0,43.375,22.25,-169.0,-48.70317002881844,36 FOIL HEART CAKE CASES,2011-01
22959,1675.0,7.0,2751.0,8.0,209.375,343.875,1076.0,64.23880597014924,WRAP CHRISTMAS VILLAGE,2011-11
22960,1370.0,8.0,1599.0,8.0,171.25,199.875,229.0,16.715328467153284,JAM MAKING SET WITH JARS,2011-11
22961,2696.0,8.0,2717.0,8.0,337.0,339.625,21.0,0.7789317507418397,JAM MAKING SET PRINTED,2011-03
22962,260.0,7.0,544.0,8.0,32.5,68.0,284.0,109.23076923076923,JAM JAR WITH PINK LID,2011-02
22963,382.0,8.0,371.0,8.0,47.75,46.375,-11.0,-2.8795811518324608,JAM JAR WITH GREEN LID,2010-12
22964,384.0,8.0,402.0,8.0,48.0,50.25,18.0,4.6875,3 PIECE SPACEBOY COOKIE CUTTER SET,2011-02
22966,1013.0,8.0,1975.0,8.0,126.625,246.875,962.0,94.9654491609082,GINGERBREAD MAN COOKIE CUTTER,2011-11
22969,3236.0,8.0,1152.0,8.0,404.5,144.0,-2084.0,-64.40049443757727,HOMEMADE JAM SCENTED CANDLES,2011-09
22970,642.0,7.0,438.0,8.0,80.25,54.75,-204.0,-31.775700934579437,LONDON BUS COFFEE MUG,2011-04
22971,307.0,8.0,274.0,8.0,38.375,34.25,-33.0,-10.749185667752444,QUEENS GUARD COFFEE MUG,2011-05
22972,258.0,8.0,271.0,8.0,32.25,33.875,13.0,5.038759689922481,CHILDREN'S SPACEBOY MUG,2011-01
22978,1146.0,8.0,141.0,8.0,143.25,17.625,-1005.0,-87.69633507853402,PANTRY ROLLING PIN,2011-09
22979,1239.0,8.0,535.0,8.0,154.875,66.875,-704.0,-56.820016142050044,PANTRY WASHING UP BRUSH,2011-09
22980,299.0,8.0,241.0,8.0,37.375,30.125,-58.0,-19.39799331103679,PANTRY SCRUBBING BRUSH,2011-03
22983,889.0,8.0,813.0,8.0,111.125,101.625,-76.0,-8.548931383577054,CARD BILLBOARD FONT,2011-02
22984,735.0,8.0,197.0,7.0,91.875,24.625,-538.0,-73.19727891156462,CARD GINGHAM ROSE ,2011-09
22985,300.0,7.0,350.0,7.0,37.5,43.75,50.0,16.666666666666664,WRAP BILLBOARD FONTS DESIGN,2011-02
22986,601.0,8.0,625.0,7.0,75.125,78.125,24.0,3.9933444259567388,WRAP GINGHAM ROSE ,2011-06
22988,1686.0,8.0,1307.0,8.0,210.75,163.375,-379.0,-22.47924080664294,SOLDIERS EGG CUP ,2011-06
22989,694.0,8.0,266.0,8.0,86.75,33.25,-428.0,-61.67146974063401,SET 2 PANTRY DESIGN TEA TOWELS,2011-03
22991,941.0,8.0,661.0,8.0,117.625,82.625,-280.0,-29.75557917109458,GIRAFFE WOODEN RULER,2011-08
22992,1094.0,8.0,1267.0,8.0,136.75,158.375,173.0,15.813528336380255,REVOLVER WOODEN RULER ,2011-08
22993,2268.0,8.0,2692.0,8.0,283.5,336.5,424.0,18.69488536155203,SET OF 4 PANTRY JELLY MOULDS,2011-11
22994,354.0,8.0,514.0,8.0,44.25,64.25,160.0,45.19774011299435,TRAVEL CARD WALLET RETROSPOT,2011-04
22995,328.0,8.0,368.0,8.0,41.0,46.0,40.0,12.195121951219512,TRAVEL CARD WALLET SUKI,2011-04
22996,707.0,8.0,1107.0,8.0,88.375,138.375,400.0,56.57708628005658,TRAVEL CARD WALLET VINTAGE TICKET,2011-04
22997,370.0,7.0,650.0,8.0,46.25,81.25,280.0,75.67567567567568,TRAVEL CARD WALLET UNION JACK,2011-11
22998,1812.0,8.0,3031.0,8.0,226.5,378.875,1219.0,67.27373068432672,TRAVEL CARD WALLET KEEP CALM,2011-04
22999,462.0,8.0,472.0,8.0,57.75,59.0,10.0,2.1645021645021645,TRAVEL CARD WALLET VINTAGE LEAF,2011-04
23000,516.0,8.0,775.0,8.0,64.5,96.875,259.0,50.1937984496124,TRAVEL CARD WALLET TRANSPORT,2011-10
23002,455.0,8.0,550.0,8.0,56.875,68.75,95.0,20.87912087912088,TRAVEL CARD WALLET SKULLS,2011-09
23004,309.0,8.0,520.0,8.0,38.625,65.0,211.0,68.28478964401295,TRAVEL CARD WALLET PANTRY,2011-11
23005,1320.0,8.0,1841.0,8.0,165.0,230.125,521.0,39.46969696969697,TRAVEL CARD WALLET I LOVE LONDON,2011-11
23006,280.0,8.0,281.0,8.0,35.0,35.125,1.0,0.35714285714285715,TRAVEL CARD WALLET FLOWER MEADOW,2011-03
23012,328.0,8.0,463.0,8.0,41.0,57.875,135.0,41.15853658536585,GLASS APOTHECARY BOTTLE PERFUME,2011-10
23013,285.0,8.0,390.0,8.0,35.625,48.75,105.0,36.84210526315789,GLASS APOTHECARY BOTTLE TONIC,2011-10
23014,294.0,7.0,302.0,8.0,36.75,37.75,8.0,2.7210884353741496,GLASS APOTHECARY BOTTLE ELIXIR,2011-10
23028,524.0,8.0,29.0,4.0,65.5,3.625,-495.0,-94.46564885496184,DRAWER KNOB CRACKLE GLAZE BLUE,2011-09
23029,495.0,8.0,284.0,8.0,61.875,35.5,-211.0,-42.62626262626263,DRAWER KNOB CRACKLE GLAZE GREEN,2011-09
23031,530.0,8.0,291.0,8.0,66.25,36.375,-239.0,-45.09433962264151,DRAWER KNOB CRACKLE GLAZE PINK,2011-09
23032,1025.0,8.0,471.0,7.0,128.125,58.875,-554.0,-54.04878048780488,DRAWER KNOB CRACKLE GLAZE IVORY,2011-09
23033,256.0,7.0,224.0,8.0,32.0,28.0,-32.0,-12.5,DRAWER KNOB CERAMIC RED,2011-09
23034,413.0,8.0,208.0,8.0,51.625,26.0,-205.0,-49.63680387409201,DRAWER KNOB CERAMIC BLACK,2011-09
23035,566.0,8.0,736.0,8.0,70.75,92.0,170.0,30.03533568904594,DRAWER KNOB CERAMIC IVORY,2011-11
23048,339.0,7.0,135.0,8.0,42.375,16.875,-204.0,-60.17699115044248,SET OF 10 LANTERNS FAIRY LIGHT STAR,2011-10
23061,257.0,8.0,112.0,7.0,32.125,14.0,-145.0,-56.42023346303502,VINTAGE EMBOSSED HEART,2011-05
23076,1493.0,8.0,2133.0,8.0,186.625,266.625,640.0,42.86671131949096,ICE CREAM SUNDAE LIP GLOSS,2011-04
23077,2091.0,8.0,3626.0,8.0,261.375,453.25,1535.0,73.40985174557628,DOUGHNUT LIP GLOSS ,2011-11
23078,994.0,8.0,1813.0,8.0,124.25,226.625,819.0,82.3943661971831,ICE CREAM PEN LIP GLOSS ,2011-11
23082,496.0,8.0,814.0,8.0,62.0,101.75,318.0,64.11290322580645,SET 6 PAPER TABLE LANTERN HEARTS ,2011-11
23083,466.0,8.0,1058.0,8.0,58.25,132.25,592.0,127.03862660944205,SET 6 PAPER TABLE LANTERN STARS ,2011-11
23084,2419.0,8.0,21964.0,8.0,302.375,2745.5,19545.0,807.9785035138488,RABBIT NIGHT LIGHT,2011-11
23086,612.0,7.0,296.0,6.0,76.5,37.0,-316.0,-51.633986928104584,ZINC  STAR T-LIGHT HOLDER ,2011-08
23087,319.0,6.0,168.0,8.0,39.875,21.0,-151.0,-47.33542319749217,ZINC  HEART T-LIGHT HOLDER,2011-09
23088,202.0,5.0,119.0,8.0,25.25,14.875,-83.0,-41.089108910891085,ZINC HEART FLOWER T-LIGHT HOLDER,2011-05
23089,559.0,8.0,722.0,8.0,69.875,90.25,163.0,29.159212880143116,GLASS BON BON JAR,2011-05
23090,493.0,8.0,890.0,8.0,61.625,111.25,397.0,80.52738336713996,VINTAGE GLASS T-LIGHT HOLDER,2011-11
23092,246.0,8.0,73.0,8.0,30.75,9.125,-173.0,-70.32520325203252,LARGE ANTIQUE WHITE PHOTO FRAME,2011-09
23093,312.0,8.0,116.0,8.0,39.0,14.5,-196.0,-62.82051282051282,SMALL PARISIENNE HEART PHOTO FRAME ,2011-09
23096,289.0,8.0,409.0,8.0,36.125,51.125,120.0,41.522491349480966,PETIT TRAY CHIC,2011-11
23100,500.0,8.0,1159.0,8.0,62.5,144.875,659.0,131.8,SILVER BELLS TABLE DECORATION,2011-11
23101,703.0,7.0,905.0,8.0,87.875,113.125,202.0,28.733997155049785,SILVER STARS TABLE DECORATION,2011-10
23102,366.0,6.0,358.0,8.0,45.75,44.75,-8.0,-2.185792349726776,SILVER HEARTS TABLE DECORATION,2011-05
23103,711.0,8.0,2082.0,8.0,88.875,260.25,1371.0,192.82700421940928,JINGLE BELL HEART DECORATION,2011-11
23108,818.0,8.0,525.0,8.0,102.25,65.625,-293.0,-35.81907090464548,SET OF 10 LED DOLLY LIGHTS,2011-09
23109,402.0,7.0,970.0,8.0,50.25,121.25,568.0,141.29353233830847,PACK OF SIX LED TEA LIGHTS,2011-11
23113,1035.0,4.0,111.0,8.0,129.375,13.875,-924.0,-89.27536231884058,PANTRY CHOPPING BOARD,2011-09
23119,419.0,8.0,306.0,8.0,52.375,38.25,-113.0,-26.968973747016705,PACK OF 6 LARGE FRUIT STRAWS ,2011-07
23120,391.0,8.0,179.0,7.0,48.875,22.375,-212.0,-54.21994884910486,PACK OF 6 SMALL FRUIT STRAWS,2011-07
23121,285.0,8.0,346.0,7.0,35.625,43.25,61.0,21.403508771929825,PACK OF 6 COCKTAIL PARASOL STRAWS,2011-07
23122,212.0,7.0,341.0,8.0,26.5,42.625,129.0,60.84905660377359,PARTY CHARMS 50 PIECES,2011-07
23126,223.0,8.0,372.0,8.0,27.875,46.5,149.0,66.81614349775785,FELTCRAFT GIRL AMELIE KIT,2011-11
23129,456.0,8.0,438.0,8.0,57.0,54.75,-18.0,-3.9473684210526314,HEART SHAPED HOLLY WREATH,2011-09
23130,285.0,8.0,497.0,8.0,35.625,62.125,212.0,74.3859649122807,MISTLETOE HEART WREATH GREEN,2011-10
23132,289.0,8.0,449.0,8.0,36.125,56.125,160.0,55.36332179930796,SMALL IVORY HEART WALL ORGANISER,2011-10
23133,216.0,8.0,330.0,8.0,27.0,41.25,114.0,52.77777777777778,LARGE IVORY HEART WALL ORGANISER,2011-10
23144,1175.0,8.0,1048.0,8.0,146.875,131.0,-127.0,-10.808510638297872,ZINC T-LIGHT HOLDER STARS SMALL,2011-05
23145,540.0,8.0,538.0,8.0,67.5,67.25,-2.0,-0.3703703703703704,ZINC T-LIGHT HOLDER STAR LARGE,2011-05
23147,431.0,8.0,315.0,8.0,53.875,39.375,-116.0,-26.91415313225058,SINGLE ANTIQUE ROSE HOOK IVORY,2011-05
23148,461.0,8.0,449.0,8.0,57.625,56.125,-12.0,-2.6030368763557483,MINIATURE ANTIQUE ROSE HOOK IVORY,2011-05
23154,578.0,8.0,580.0,8.0,72.25,72.5,2.0,0.34602076124567477,SET OF 4 JAM JAR MAGNETS,2011-11
23155,220.0,7.0,313.0,8.0,27.5,39.125,93.0,42.27272727272727,KNICKERBOCKERGLORY MAGNET ASSORTED ,2011-05
23156,272.0,8.0,440.0,8.0,34.0,55.0,168.0,61.76470588235294,SET OF 5 MINI GROCERY MAGNETS,2011-10
23157,669.0,7.0,1322.0,8.0,83.625,165.25,653.0,97.60837070254111,SET OF 6 NATIVITY MAGNETS ,2011-10
23158,484.0,8.0,637.0,8.0,60.5,79.625,153.0,31.611570247933884,SET OF 5 LUCKY CAT MAGNETS ,2011-03
23159,365.0,8.0,427.0,8.0,45.625,53.375,62.0,16.986301369863014,SET OF 5 PANCAKE DAY MAGNETS,2011-06
23160,346.0,7.0,128.0,5.0,43.25,16.0,-218.0,-63.005780346820806,REGENCY TEA SPOON,2011-05
23161,311.0,6.0,202.0,8.0,38.875,25.25,-109.0,-35.048231511254016,REGENCY CAKE FORK,2011-05
23162,399.0,7.0,359.0,8.0,49.875,44.875,-40.0,-10.025062656641603,REGENCY TEA STRAINER,2011-05
23163,470.0,8.0,352.0,8.0,58.75,44.0,-118.0,-25.106382978723403,REGENCY SUGAR TONGS,2011-09
23165,724.0,8.0,677.0,8.0,90.5,84.625,-47.0,-6.49171270718232,LARGE CERAMIC TOP STORAGE JAR,2011-05
23166,628.0,8.0,897.0,8.0,78.5,112.125,269.0,42.8343949044586,MEDIUM CERAMIC TOP STORAGE JAR,2011-01
23167,770.0,8.0,1143.0,8.0,96.25,142.875,373.0,48.44155844155844,SMALL CERAMIC TOP STORAGE JAR ,2011-05
23168,890.0,8.0,911.0,8.0,111.25,113.875,21.0,2.359550561797753,CLASSIC CAFE SUGAR DISPENSER,2011-11
23169,433.0,8.0,600.0,8.0,54.125,75.0,167.0,38.56812933025404,CLASSIC GLASS COOKIE JAR,2011-10
23170,1406.0,8.0,879.0,8.0,175.75,109.875,-527.0,-37.482219061166425,REGENCY TEA PLATE ROSES ,2011-05
23171,1151.0,8.0,685.0,8.0,143.875,85.625,-466.0,-40.48653344917463,REGENCY TEA PLATE GREEN ,2011-06
23172,979.0,8.0,542.0,8.0,122.375,67.75,-437.0,-44.637385086823286,REGENCY TEA PLATE PINK,2011-05
23173,450.0,8.0,288.0,8.0,56.25,36.0,-162.0,-36.0,REGENCY TEAPOT ROSES ,2011-06
23174,450.0,8.0,261.0,8.0,56.25,32.625,-189.0,-42.0,REGENCY SUGAR BOWL GREEN,2011-06
23175,418.0,6.0,300.0,8.0,52.25,37.5,-118.0,-28.22966507177033,REGENCY MILK JUG PINK ,2011-06
23176,402.0,8.0,730.0,8.0,50.25,91.25,328.0,81.59203980099502,ABC TREASURE BOOK BOX ,2011-11
23177,511.0,8.0,715.0,8.0,63.875,89.375,204.0,39.92172211350293,TREASURE ISLAND BOOK BOX,2011-11
23182,674.0,8.0,520.0,8.0,84.25,65.0,-154.0,-22.8486646884273,TOILET SIGN OCCUPIED OR VACANT,2011-03
23186,461.0,7.0,608.0,8.0,57.625,76.0,147.0,31.887201735357916,FRENCH STYLE STORAGE JAR CAFE ,2011-07
23187,1052.0,8.0,236.0,4.0,131.5,29.5,-816.0,-77.56653992395437,FRENCH STYLE STORAGE JAR BONBONS,2011-08
23188,935.0,8.0,1689.0,8.0,116.875,211.125,754.0,80.64171122994652,VINTAGE  2 METRE FOLDING RULER,2011-11
23189,591.0,8.0,488.0,8.0,73.875,61.0,-103.0,-17.428087986463623,SET OF 12 FORK CANDLES,2011-08
23190,354.0,8.0,414.0,8.0,44.25,51.75,60.0,16.94915254237288,BUNDLE OF 3 SCHOOL EXERCISE BOOKS  ,2011-06
23191,598.0,8.0,589.0,8.0,74.75,73.625,-9.0,-1.5050167224080269,BUNDLE OF 3 RETRO NOTE BOOKS,2011-10
23192,755.0,8.0,1193.0,8.0,94.375,149.125,438.0,58.01324503311258,BUNDLE OF 3 ALPHABET EXERCISE BOOKS,2011-11
23193,451.0,8.0,565.0,8.0,56.375,70.625,114.0,25.277161862527713,BUFFALO BILL TREASURE BOOK BOX,2011-11
23194,454.0,8.0,638.0,8.0,56.75,79.75,184.0,40.52863436123348,GYMKHANA TREASURE BOOK BOX,2011-11
23196,577.0,8.0,649.0,8.0,72.125,81.125,72.0,12.478336221837088,VINTAGE LEAF MAGNETIC NOTEPAD,2011-10
23197,415.0,8.0,534.0,8.0,51.875,66.75,119.0,28.674698795180724,SKETCHBOOK MAGNETIC SHOPPING LIST,2011-11
23198,910.0,8.0,1216.0,8.0,113.75,152.0,306.0,33.62637362637363,PANTRY MAGNETIC  SHOPPING LIST,2011-10
23199,4225.0,8.0,2670.0,8.0,528.125,333.75,-1555.0,-36.80473372781065,JUMBO BAG APPLES,2011-08
23200,2003.0,8.0,1162.0,8.0,250.375,145.25,-841.0,-41.987019470793804,JUMBO BAG PEARS,2011-08
23201,3534.0,8.0,3429.0,8.0,441.75,428.625,-105.0,-2.9711375212224107,JUMBO BAG ALPHABET,2011-08
23202,3070.0,8.0,2123.0,8.0,383.75,265.375,-947.0,-30.846905537459286,JUMBO BAG VINTAGE LEAF,2011-05
23203,5399.0,8.0,5381.0,8.0,674.875,672.625,-18.0,-0.33339507316169664,JUMBO BAG VINTAGE DOILY ,2011-08
23204,1077.0,8.0,1809.0,8.0,134.625,226.125,732.0,67.96657381615599,CHARLOTTE BAG APPLES DESIGN,2011-05
23205,1037.0,8.0,1528.0,8.0,129.625,191.0,491.0,47.34811957569913,CHARLOTTE BAG VINTAGE ALPHABET ,2011-06
23206,2594.0,8.0,1900.0,8.0,324.25,237.5,-694.0,-26.754047802621432,LUNCH BAG APPLE DESIGN,2011-05
23207,1509.0,8.0,1242.0,8.0,188.625,155.25,-267.0,-17.693836978131213,LUNCH BAG ALPHABET DESIGN,2011-08
23208,1495.0,8.0,1018.0,8.0,186.875,127.25,-477.0,-31.906354515050168,LUNCH BAG VINTAGE LEAF DESIGN,2011-05
23209,3387.0,8.0,2601.0,8.0,423.375,325.125,-786.0,-23.20637732506643,LUNCH BAG VINTAGE DOILY ,2011-05
23210,538.0,8.0,1650.0,8.0,67.25,206.25,1112.0,206.6914498141264,WHITE ROCKING HORSE HAND PAINTED,2011-11
23211,532.0,8.0,1140.0,8.0,66.5,142.5,608.0,114.28571428571428,RED ROCKING HORSE HAND PAINTED,2011-11
23212,487.0,8.0,1205.0,8.0,60.875,150.625,718.0,147.43326488706364,HEART WREATH DECORATION WITH BELL,2011-10
23213,459.0,8.0,968.0,8.0,57.375,121.0,509.0,110.89324618736383,STAR WREATH DECORATION WITH BELL,2011-11
23214,255.0,7.0,415.0,8.0,31.875,51.875,160.0,62.745098039215684,JINGLE BELL HEART ANTIQUE GOLD,2011-11
23215,484.0,7.0,2121.0,8.0,60.5,265.125,1637.0,338.22314049586777,JINGLE BELL HEART ANTIQUE SILVER,2011-11
23216,281.0,7.0,156.0,8.0,35.125,19.5,-125.0,-44.48398576512456,LAUREL HEART ANTIQUE GOLD,2011-09
23217,596.0,8.0,537.0,8.0,74.5,67.125,-59.0,-9.899328859060402,LAUREL HEART ANTIQUE SILVER,2011-09
23220,307.0,6.0,619.0,8.0,38.375,77.375,312.0,101.62866449511401,REINDEER HEART DECORATION GOLD,2011-11
23221,525.0,8.0,864.0,8.0,65.625,108.0,339.0,64.57142857142857,REINDEER HEART DECORATION SILVER,2011-11
23222,318.0,7.0,446.0,8.0,39.75,55.75,128.0,40.25157232704403,CHRISTMAS TREE HANGING GOLD,2011-09
23223,283.0,7.0,471.0,8.0,35.375,58.875,188.0,66.43109540636041,CHRISTMAS TREE HANGING SILVER ,2011-10
23224,287.0,6.0,401.0,8.0,35.875,50.125,114.0,39.721254355400696,CHERUB HEART DECORATION GOLD,2011-09
23225,402.0,6.0,794.0,8.0,50.25,99.25,392.0,97.51243781094527,CHERUB HEART DECORATION SILVER ,2011-10
23226,221.0,8.0,254.0,8.0,27.625,31.75,33.0,14.93212669683258,FILIGREE HEART DAISY WHITE,2011-06
23227,370.0,8.0,436.0,8.0,46.25,54.5,66.0,17.83783783783784,FILIGREE HEART BUTTERFLY WHITE ,2011-06
23228,381.0,8.0,531.0,8.0,47.625,66.375,150.0,39.37007874015748,FILIGREE HEART BIRD WHITE ,2011-06
23229,458.0,8.0,624.0,8.0,57.25,78.0,166.0,36.24454148471616,VINTAGE DONKEY TAIL GAME ,2011-11
23230,925.0,8.0,1325.0,8.0,115.625,165.625,400.0,43.24324324324324,WRAP ALPHABET DESIGN,2011-02
23231,1324.0,8.0,950.0,8.0,165.5,118.75,-374.0,-28.247734138972806,WRAP  VINTAGE DOILY ,2011-09
23232,1775.0,8.0,1525.0,8.0,221.875,190.625,-250.0,-14.084507042253522,WRAP VINTAGE LEAF DESIGN,2011-10
23233,1225.0,8.0,600.0,7.0,153.125,75.0,-625.0,-51.02040816326531,WRAP POPPIES  DESIGN,2011-10
23234,829.0,8.0,667.0,8.0,103.625,83.375,-162.0,-19.5416164053076,BISCUIT TIN VINTAGE CHRISTMAS,2011-09
23236,851.0,8.0,415.0,8.0,106.375,51.875,-436.0,-51.233842538190366,STORAGE TIN VINTAGE DOILY ,2011-06
23237,328.0,8.0,239.0,8.0,41.0,29.875,-89.0,-27.134146341463417,SET OF 4 KNICK KNACK TINS LEAF,2011-06
23238,535.0,8.0,414.0,8.0,66.875,51.75,-121.0,-22.61682242990654,SET OF 4 KNICK KNACK TINS LONDON ,2011-09
23240,1170.0,8.0,1062.0,8.0,146.25,132.75,-108.0,-9.230769230769232,SET OF 4 KNICK KNACK TINS DOILY ,2011-06
23241,788.0,8.0,603.0,8.0,98.5,75.375,-185.0,-23.477157360406093,TREASURE TIN GYMKHANA DESIGN,2011-09
23242,571.0,8.0,290.0,8.0,71.375,36.25,-281.0,-49.21190893169877,TREASURE TIN BUFFALO BILL ,2011-09
23243,2637.0,8.0,744.0,8.0,329.625,93.0,-1893.0,-71.78612059158134,SET OF TEA COFFEE SUGAR TINS PANTRY,2011-09
23245,1591.0,8.0,1435.0,8.0,198.875,179.375,-156.0,-9.805153991200504,SET OF 3 REGENCY CAKE TINS,2011-06
23247,603.0,8.0,1186.0,8.0,75.375,148.25,583.0,96.6832504145937,BISCUIT TIN 50'S CHRISTMAS,2011-11
23249,222.0,8.0,143.0,8.0,27.75,17.875,-79.0,-35.585585585585584,VINTAGE RED ENAMEL TRIM PLATE,2011-06
23250,304.0,8.0,350.0,8.0,38.0,43.75,46.0,15.131578947368421,VINTAGE RED TRIM ENAMEL BOWL ,2011-07
23251,407.0,8.0,367.0,8.0,50.875,45.875,-40.0,-9.828009828009828,VINTAGE RED ENAMEL TRIM MUG ,2011-07
23254,314.0,8.0,419.0,8.0,39.25,52.375,105.0,33.43949044585987,CHILDRENS CUTLERY DOLLY GIRL ,2011-05
23255,228.0,8.0,221.0,8.0,28.5,27.625,-7.0,-3.070175438596491,CHILDRENS CUTLERY CIRCUS PARADE,2011-05
23256,347.0,8.0,544.0,8.0,43.375,68.0,197.0,56.77233429394812,CHILDRENS CUTLERY SPACEBOY ,2011-06
23263,1078.0,8.0,1931.0,8.0,134.75,241.375,853.0,79.12801484230056,SET OF 3 WOODEN HEART DECORATIONS,2011-11
23264,496.0,8.0,1193.0,8.0,62.0,149.125,697.0,140.5241935483871,SET OF 3 WOODEN SLEIGH DECORATIONS,2011-10
23265,453.0,8.0,1074.0,8.0,56.625,134.25,621.0,137.08609271523179,SET OF 3 WOODEN TREE DECORATIONS,2011-11
23266,531.0,8.0,1206.0,8.0,66.375,150.75,675.0,127.11864406779661,SET OF 3 WOODEN STOCKING DECORATION,2011-11
23267,474.0,8.0,564.0,8.0,59.25,70.5,90.0,18.9873417721519,SET OF 4 SANTA PLACE SETTINGS,2011-09
23270,379.0,8.0,351.0,8.0,47.375,43.875,-28.0,-7.387862796833773,SET OF 2 CERAMIC PAINTED HEARTS ,2011-08
23271,757.0,6.0,828.0,8.0,94.625,103.5,71.0,9.379128137384413,CHRISTMAS TABLE SILVER CANDLE SPIKE,2011-10
23273,343.0,8.0,387.0,8.0,42.875,48.375,44.0,12.82798833819242,HEART T-LIGHT HOLDER WILLIE WINKIE,2011-10
23274,457.0,8.0,580.0,8.0,57.125,72.5,123.0,26.914660831509845,STAR T-LIGHT HOLDER WILLIE WINKIE,2011-10
23275,591.0,8.0,2070.0,8.0,73.875,258.75,1479.0,250.253807106599,SET OF 3 HANGING OWLS OLLIE BEAK,2011-11
23280,387.0,8.0,332.0,8.0,48.375,41.5,-55.0,-14.21188630490956,FOLDING BUTTERFLY MIRROR HOT PINK ,2011-05
23281,276.0,7.0,153.0,7.0,34.5,19.125,-123.0,-44.565217391304344,FOLDING BUTTERFLY MIRROR RED  ,2011-06
23284,1653.0,4.0,1418.0,8.0,206.625,177.25,-235.0,-14.216575922565033,DOORMAT KEEP CALM AND COME IN,2011-10
23285,2874.0,8.0,163.0,8.0,359.25,20.375,-2711.0,-94.32846207376478,PINK VINTAGE SPOT BEAKER,2011-09
23286,2858.0,8.0,305.0,8.0,357.25,38.125,-2553.0,-89.32820153953814,BLUE VINTAGE SPOT BEAKER,2011-09
23287,570.0,8.0,169.0,8.0,71.25,21.125,-401.0,-70.35087719298245,RED VINTAGE SPOT BEAKER,2011-07
23288,2886.0,8.0,248.0,8.0,360.75,31.0,-2638.0,-91.40679140679141,GREEN VINTAGE SPOT BEAKER,2011-09
23289,697.0,8.0,331.0,8.0,87.125,41.375,-366.0,-52.51076040172167,DOLLY GIRL CHILDRENS BOWL,2011-08
23290,945.0,8.0,642.0,8.0,118.125,80.25,-303.0,-32.06349206349206,SPACEBOY CHILDRENS BOWL,2011-11
23291,549.0,8.0,318.0,8.0,68.625,39.75,-231.0,-42.07650273224044,DOLLY GIRL CHILDRENS CUP,2011-08
23292,728.0,8.0,436.0,8.0,91.0,54.5,-292.0,-40.10989010989011,SPACEBOY CHILDRENS CUP,2011-08
23293,2917.0,8.0,2348.0,8.0,364.625,293.5,-569.0,-19.506342132327735,SET OF 12 FAIRY CAKE BAKING CASES,2011-07
23294,1348.0,8.0,1094.0,8.0,168.5,136.75,-254.0,-18.84272997032641,SET OF 6 SNACK LOAF BAKING CASES,2011-07
23295,2422.0,8.0,1479.0,8.0,302.75,184.875,-943.0,-38.93476465730801,SET OF 12 MINI LOAF BAKING CASES,2011-07
23296,1511.0,8.0,1312.0,8.0,188.875,164.0,-199.0,-13.17008603573792,SET OF 6 TEA TIME BAKING CASES,2011-07
23298,2166.0,8.0,1284.0,8.0,270.75,160.5,-882.0,-40.7202216066482,SPOTTY BUNTING,2011-05
23300,1191.0,8.0,2174.0,8.0,148.875,271.75,983.0,82.53568429890848,GARDENERS KNEELING PAD CUP OF TEA ,2011-11
23301,1715.0,8.0,3646.0,8.0,214.375,455.75,1931.0,112.59475218658892,GARDENERS KNEELING PAD KEEP CALM ,2011-11
23302,213.0,7.0,323.0,8.0,26.625,40.375,110.0,51.64319248826291,KNEELING MAT HOUSEWORK  DESIGN,2011-12
23306,690.0,8.0,231.0,8.0,86.25,28.875,-459.0,-66.52173913043478,SET OF 36 PANTRY PAPER DOILIES,2011-06
23307,3563.0,8.0,2078.0,8.0,445.375,259.75,-1485.0,-41.67836093179905,SET OF 60 PANTRY DESIGN CAKE CASES ,2011-07
23308,1696.0,8.0,1019.0,8.0,212.0,127.375,-677.0,-39.91745283018868,SET OF 60 VINTAGE LEAF CAKE CASES ,2011-07
23309,2369.0,8.0,2474.0,8.0,296.125,309.25,105.0,4.432249894470241,SET OF 60 I LOVE LONDON CAKE CASES ,2011-10
23310,3998.0,8.0,4047.0,8.0,499.75,505.875,49.0,1.2256128064032015,BUBBLEGUM RING ASSORTED,2011-09
23311,621.0,8.0,1519.0,8.0,77.625,189.875,898.0,144.60547504025766,VINTAGE CHRISTMAS STOCKING ,2011-11
23312,504.0,8.0,776.0,8.0,63.0,97.0,272.0,53.96825396825397,VINTAGE CHRISTMAS GIFT SACK,2011-11
23313,782.0,8.0,1826.0,8.0,97.75,228.25,1044.0,133.50383631713555,VINTAGE CHRISTMAS BUNTING,2011-11
23314,236.0,7.0,140.0,8.0,29.5,17.5,-96.0,-40.67796610169492,VINTAGE CHRISTMAS TABLECLOTH,2011-08
23318,1173.0,8.0,2221.0,8.0,146.625,277.625,1048.0,89.34356351236147,BOX OF 6 MINI VINTAGE CRACKERS,2011-11
23319,1098.0,8.0,2323.0,8.0,137.25,290.375,1225.0,111.5664845173042,BOX OF 6 MINI 50'S CRACKERS,2011-11
23320,826.0,8.0,1280.0,8.0,103.25,160.0,454.0,54.9636803874092,GIANT 50'S CHRISTMAS CRACKER,2011-11
23321,1267.0,8.0,1966.0,8.0,158.375,245.75,699.0,55.16969218626677,SMALL WHITE HEART OF WICKER,2011-11
23322,1103.0,8.0,1135.0,8.0,137.875,141.875,32.0,2.901178603807797,LARGE WHITE HEART OF WICKER,2011-11
23323,412.0,8.0,854.0,8.0,51.5,106.75,442.0,107.28155339805825,WHITE WICKER STAR ,2011-11
23324,310.0,8.0,63.0,5.0,38.75,7.875,-247.0,-79.6774193548387,RUSTIC STRAWBERRY JAM POT LARGE ,2011-09
23325,306.0,8.0,144.0,6.0,38.25,18.0,-162.0,-52.94117647058824,RUSTIC STRAWBERRY JAM POT SMALL,2011-09
23326,1999.0,8.0,1087.0,7.0,249.875,135.875,-912.0,-45.62281140570285,HANGING MINI COLOURED BOTTLES,2011-08
23327,1337.0,8.0,297.0,4.0,167.125,37.125,-1040.0,-77.78608825729243,HANGING CLEAR MINI BOTTLE,2011-09
23328,1187.0,8.0,1397.0,8.0,148.375,174.625,210.0,17.69165964616681,SET 6 SCHOOL MILK BOTTLES IN CRATE,2011-11
23329,771.0,8.0,804.0,8.0,96.375,100.5,33.0,4.280155642023346,DECORATIVE WICKER HEART LARGE,2011-11
23330,783.0,8.0,926.0,8.0,97.875,115.75,143.0,18.26309067688378,DECORATIVE WICKER HEART MEDIUM,2011-11
23331,798.0,8.0,598.0,8.0,99.75,74.75,-200.0,-25.062656641604008,DECORATIVE WICKER HEART SMALL,2011-09
23332,925.0,8.0,881.0,8.0,115.625,110.125,-44.0,-4.756756756756757,IVORY WICKER HEART LARGE,2011-11
23333,786.0,8.0,1185.0,8.0,98.25,148.125,399.0,50.76335877862596,IVORY WICKER HEART MEDIUM,2011-11
23334,1229.0,8.0,802.0,8.0,153.625,100.25,-427.0,-34.74369406021155,IVORY WICKER HEART SMALL,2011-09
23340,1588.0,7.0,813.0,8.0,198.5,101.625,-775.0,-48.803526448362724,VINTAGE CHRISTMAS CAKE FRILL,2011-09
23343,2026.0,8.0,3237.0,8.0,253.25,404.625,1211.0,59.77295162882527,JUMBO BAG VINTAGE CHRISTMAS ,2011-11
23344,2557.0,8.0,6294.0,8.0,319.625,786.75,3737.0,146.1478294876809,JUMBO BAG 50'S CHRISTMAS ,2011-11
23345,1093.0,8.0,701.0,8.0,136.625,87.625,-392.0,-35.86459286367795, DOLLY GIRL BEAKER,2011-08
23346,1118.0,8.0,853.0,8.0,139.75,106.625,-265.0,-23.70304114490161,SPACEBOY BEAKER,2011-08
23347,580.0,8.0,152.0,8.0,72.5,19.0,-428.0,-73.79310344827587,I LOVE LONDON BEAKER,2011-09
23348,285.0,7.0,436.0,7.0,35.625,54.5,151.0,52.98245614035088,CHILDRENS TOY COOKING UTENSIL SET,2011-10
23349,1085.0,8.0,1922.0,8.0,135.625,240.25,837.0,77.14285714285715,ROLL WRAP VINTAGE CHRISTMAS,2011-11
23350,945.0,8.0,1562.0,8.0,118.125,195.25,617.0,65.29100529100529,ROLL WRAP VINTAGE SPOT ,2011-11
23351,921.0,8.0,2298.0,8.0,115.125,287.25,1377.0,149.5114006514658,ROLL WRAP 50'S CHRISTMAS,2011-11
23352,622.0,7.0,1018.0,8.0,77.75,127.25,396.0,63.665594855305464,ROLL WRAP 50'S RED CHRISTMAS ,2011-10
23353,1357.0,8.0,2487.0,8.0,169.625,310.875,1130.0,83.27192336035371,6 GIFT TAGS VINTAGE CHRISTMAS ,2011-10
23354,1379.0,8.0,2238.0,8.0,172.375,279.75,859.0,62.29151559100797,6 GIFT TAGS 50'S CHRISTMAS ,2011-10
23355,2033.0,7.0,3351.0,8.0,254.125,418.875,1318.0,64.8303000491884,HOT WATER BOTTLE KEEP CALM,2011-11
23356,768.0,7.0,1487.0,8.0,96.0,185.875,719.0,93.61979166666666,LOVE HOT WATER BOTTLE,2011-11
23358,200.0,7.0,288.0,8.0,25.0,36.0,88.0,44.0,HOT STUFF HOT WATER BOTTLE,2011-09
23359,511.0,8.0,369.0,8.0,63.875,46.125,-142.0,-27.788649706457925,SET OF 12 T-LIGHTS VINTAGE DOILY,2011-09
23360,713.0,8.0,409.0,8.0,89.125,51.125,-304.0,-42.6367461430575,SET 8 CANDLES VINTAGE DOILY,2011-09
23373,944.0,7.0,611.0,8.0,118.0,76.375,-333.0,-35.27542372881356,VINTAGE CHRISTMAS PAPER GIFT BAG,2011-10
23374,1296.0,8.0,866.0,8.0,162.0,108.25,-430.0,-33.17901234567901,RED SPOT PAPER GIFT BAG,2011-09
23375,580.0,7.0,739.0,8.0,72.5,92.375,159.0,27.413793103448274,50'S CHRISTMAS PAPER GIFT BAG,2011-10
23376,1194.0,6.0,1724.0,8.0,149.25,215.5,530.0,44.388609715242886,PACK OF 12 VINTAGE CHRISTMAS TISSUE,2011-11
23377,702.0,6.0,603.0,8.0,87.75,75.375,-99.0,-14.102564102564102,PACK OF 12 DOLLY GIRL TISSUES,2011-09
23378,1781.0,6.0,2078.0,8.0,222.625,259.75,297.0,16.676024705221785,PACK OF 12 50'S CHRISTMAS TISSUES,2011-09
23379,844.0,5.0,347.0,8.0,105.5,43.375,-497.0,-58.88625592417062,PACK OF 12 RED APPLE TISSUES,2011-10
23380,1328.0,5.0,901.0,8.0,166.0,112.625,-427.0,-32.153614457831324,PACK OF 12 VINTAGE DOILY TISSUES,2011-09
23381,995.0,5.0,434.0,8.0,124.375,54.25,-561.0,-56.381909547738694,PACK OF 12 VINTAGE LEAF TISSUES ,2011-09
23388,396.0,5.0,392.0,8.0,49.5,49.0,-4.0,-1.0101010101010102,WOODLAND MINI BACKPACK,2011-10
23389,452.0,5.0,621.0,8.0,56.5,77.625,169.0,37.389380530973455,SPACEBOY MINI BACKPACK,2011-10
23390,352.0,5.0,323.0,8.0,44.0,40.375,-29.0,-8.238636363636363,DOLLY GIRL MINI BACKPACK,2011-10
23392,360.0,5.0,280.0,8.0,45.0,35.0,-80.0,-22.22222222222222,SPACEBOY ROCKET LOLLY MAKERS,2011-09
23393,374.0,6.0,423.0,8.0,46.75,52.875,49.0,13.101604278074866,HOME SWEET HOME CUSHION COVER ,2011-09
23395,290.0,6.0,425.0,8.0,36.25,53.125,135.0,46.55172413793103,BELLE JARDINIERE CUSHION COVER,2011-10
23396,271.0,6.0,373.0,8.0,33.875,46.625,102.0,37.63837638376384,LE JARDIN BOTANIQUE CUSHION COVER,2011-10
23397,201.0,6.0,281.0,8.0,25.125,35.125,80.0,39.800995024875625,FOOT STOOL HOME SWEET HOME ,2011-11
23398,281.0,6.0,301.0,8.0,35.125,37.625,20.0,7.11743772241993,HANGING HEART BONHEUR,2011-09
23399,1018.0,6.0,860.0,8.0,127.25,107.5,-158.0,-15.520628683693516,HOME SWEET HOME HANGING HEART,2011-09
23400,243.0,5.0,215.0,8.0,30.375,26.875,-28.0,-11.522633744855968,SHELF WITH 4 HOOKS HOME SWEET HOME,2011-10
23401,210.0,5.0,97.0,8.0,26.25,12.125,-113.0,-53.80952380952381,RUSTIC MIRROR WITH LACE HEART,2011-10
23403,287.0,5.0,322.0,8.0,35.875,40.25,35.0,12.195121951219512,LETTER HOLDER HOME SWEET HOME,2011-10
23404,335.0,5.0,501.0,8.0,41.875,62.625,166.0,49.55223880597015,HOME SWEET HOME BLACKBOARD,2011-10
23406,206.0,5.0,244.0,8.0,25.75,30.5,38.0,18.446601941747574,HOME SWEET HOME KEY HOLDER,2011-11
23418,306.0,5.0,236.0,8.0,38.25,29.5,-70.0,-22.875816993464053,LAVENDER TOILETTE BOTTLE,2011-09
23419,272.0,5.0,182.0,8.0,34.0,22.75,-90.0,-33.088235294117645,HOME SWEET HOME BOTTLE ,2011-09
23424,203.0,6.0,240.0,8.0,25.375,30.0,37.0,18.226600985221676,GINGHAM RECIPE BOOK BOX,2011-09
23426,518.0,5.0,705.0,8.0,64.75,88.125,187.0,36.1003861003861,METAL SIGN DROP YOUR PANTS,2011-11
23431,1124.0,7.0,325.0,8.0,140.5,40.625,-799.0,-71.08540925266904,NATURAL HANGING QUILTED HEARTS ,2011-08
23432,891.0,6.0,373.0,8.0,111.375,46.625,-518.0,-58.13692480359147,PRETTY HANGING QUILTED HEARTS,2011-09
23433,829.0,7.0,429.0,7.0,103.625,53.625,-400.0,-48.25090470446321,HANGING QUILTED PATCHWORK APPLES,2011-09
23434,587.0,5.0,1412.0,8.0,73.375,176.5,825.0,140.5451448040886,3 RAFFIA RIBBONS 50'S CHRISTMAS ,2011-11
23435,393.0,5.0,408.0,8.0,49.125,51.0,15.0,3.816793893129771,3 RAFFIA RIBBONS VINTAGE CHRISTMAS,2011-09
23436,1285.0,8.0,647.0,8.0,160.625,80.875,-638.0,-49.64980544747082,VINTAGE CHRISTMAS GIFT BAG LARGE ,2011-10
23437,877.0,7.0,1026.0,8.0,109.625,128.25,149.0,16.98973774230331, 50'S CHRISTMAS GIFT BAG LARGE,2011-10
23438,959.0,8.0,741.0,8.0,119.875,92.625,-218.0,-22.732012513034412, RED SPOT GIFT BAG LARGE,2011-10
23439,1309.0,7.0,2403.0,8.0,163.625,300.375,1094.0,83.57524828113063,HAND WARMER RED LOVE HEART,2011-11
23445,1422.0,7.0,1106.0,8.0,177.75,138.25,-316.0,-22.22222222222222,ICE CREAM BUBBLES,2011-09
23545,1000.0,8.0,950.0,8.0,125.0,118.75,-50.0,-5.0,WRAP RED VINTAGE DOILY,2011-10
23546,1225.0,8.0,1100.0,8.0,153.125,137.5,-125.0,-10.204081632653061,WRAP PAISLEY PARK ,2011-08
23547,800.0,8.0,350.0,7.0,100.0,43.75,-450.0,-56.25,WRAP FLOWER SHOP  ,2011-09
23548,425.0,6.0,225.0,7.0,53.125,28.125,-200.0,-47.05882352941176,WRAP MAGIC FOREST ,2011-08
23549,525.0,8.0,450.0,7.0,65.625,56.25,-75.0,-14.285714285714285,WRAP BIRD GARDEN ,2011-10
23550,850.0,8.0,450.0,7.0,106.25,56.25,-400.0,-47.05882352941176,WRAP ALPHABET POSTER  ,2011-08
23551,877.0,6.0,849.0,8.0,109.625,106.125,-28.0,-3.192702394526796,PACK OF 12 PAISLEY PARK TISSUES ,2011-09
23559,295.0,5.0,280.0,8.0,36.875,35.0,-15.0,-5.084745762711865,WOODLAND BUNNIES LOLLY MAKERS,2011-10
35471D,468.0,8.0,868.0,8.0,58.5,108.5,400.0,85.47008547008546,SET OF 3 BIRD LIGHT PINK FEATHER ,2011-11
35598D,365.0,4.0,175.0,6.0,45.625,21.875,-190.0,-52.054794520547944,PINK/WHITE CHRISTMAS TREE 60CM,2011-09
35648,207.0,8.0,234.0,8.0,25.875,29.25,27.0,13.043478260869565,VINTAGE BEAD PINK PURSE ,2011-08
35953,482.0,6.0,2733.0,8.0,60.25,341.625,2251.0,467.0124481327801,FOLKART STAR CHRISTMAS DECORATIONS,2011-11
35954,599.0,6.0,464.0,5.0,74.875,58.0,-135.0,-22.537562604340565,SMALL FOLKART STAR CHRISTMAS DEC,2011-09
35961,612.0,8.0,403.0,8.0,76.5,50.375,-209.0,-34.150326797385624,FOLKART ZINC HEART CHRISTMAS DEC,2011-05
35964,261.0,4.0,455.0,8.0,32.625,56.875,194.0,74.32950191570882,FOLKART CLIP ON STARS,2011-10
35970,1397.0,8.0,3086.0,8.0,174.625,385.75,1689.0,120.90193271295632,ZINC FOLKART SLEIGH BELLS,2011-11
37340,376.0,8.0,456.0,8.0,47.0,57.0,80.0,21.27659574468085,MULTICOLOUR SPRING FLOWER MUG,2011-07
46000M,200.0,6.0,285.0,8.0,25.0,35.625,85.0,42.5,POLYESTER FILLER PAD 45x45cm,2011-10
46000S,366.0,8.0,399.0,8.0,45.75,49.875,33.0,9.01639344262295,POLYESTER FILLER PAD 40x40cm,2011-09
47503A,952.0,8.0,704.0,8.0,119.0,88.0,-248.0,-26.05042016806723,ASS FLORAL PRINT MULTI SCREWDRIVER,2011-08
47504H,358.0,8.0,197.0,8.0,44.75,24.625,-161.0,-44.97206703910614,ENGLISH ROSE SPIRIT LEVEL ,2011-08
47504K,911.0,8.0,106.0,5.0,113.875,13.25,-805.0,-88.36443468715697,ENGLISH ROSE GARDEN SECATEURS,2011-09
47566,2260.0,8.0,1410.0,8.0,282.5,176.25,-850.0,-37.610619469026545,PARTY BUNTING,2011-05
47590A,386.0,8.0,204.0,8.0,48.25,25.5,-182.0,-47.15025906735752,BLUE HAPPY BIRTHDAY BUNTING,2011-05
47590B,383.0,8.0,243.0,8.0,47.875,30.375,-140.0,-36.55352480417754,PINK HAPPY BIRTHDAY BUNTING,2011-05
47591D,476.0,8.0,863.0,8.0,59.5,107.875,387.0,81.30252100840336,PINK FAIRY CAKE CHILDRENS APRON,2011-11
47599A,264.0,8.0,93.0,8.0,33.0,11.625,-171.0,-64.77272727272727,PINK PARTY BAGS,2011-04
48111,581.0,8.0,95.0,8.0,72.625,11.875,-486.0,-83.64888123924268,DOORMAT 3 SMILEY CATS,2011-09
48116,489.0,6.0,23.0,5.0,61.125,2.875,-466.0,-95.29652351738241,DOORMAT MULTICOLOUR STRIPE,2011-09
48129,391.0,8.0,70.0,8.0,48.875,8.75,-321.0,-82.09718670076727,DOORMAT TOPIARY,2011-09
48138,914.0,8.0,339.0,8.0,114.25,42.375,-575.0,-62.910284463894975,DOORMAT UNION FLAG,2011-09
48184,645.0,8.0,240.0,8.0,80.625,30.0,-405.0,-62.7906976744186,DOORMAT ENGLISH ROSE ,2011-09
48185,705.0,8.0,186.0,8.0,88.125,23.25,-519.0,-73.61702127659574,DOORMAT FAIRY CAKE,2011-04
48187,904.0,8.0,325.0,8.0,113.0,40.625,-579.0,-64.04867256637168,DOORMAT NEW ENGLAND,2011-09
48188,263.0,7.0,122.0,8.0,32.875,15.25,-141.0,-53.61216730038023,DOORMAT WELCOME PUPPIES,2011-07
48194,786.0,8.0,324.0,8.0,98.25,40.5,-462.0,-58.778625954198475,DOORMAT HEARTS,2011-09
51014A,749.0,8.0,1606.0,8.0,93.625,200.75,857.0,114.4192256341789,"FEATHER PEN,HOT PINK",2011-11
51014C,513.0,8.0,1229.0,8.0,64.125,153.625,716.0,139.57115009746587,"FEATHER PEN,COAL BLACK",2011-11
51014L,521.0,8.0,710.0,8.0,65.125,88.75,189.0,36.2763915547025,"FEATHER PEN,LIGHT PINK",2011-11
62018,260.0,4.0,633.0,7.0,32.5,79.125,373.0,143.46153846153845,SOMBRERO ,2011-08
71053,285.0,8.0,223.0,8.0,35.625,27.875,-62.0,-21.75438596491228,WHITE MOROCCAN METAL LANTERN,2011-05
71459,1968.0,8.0,1177.0,8.0,246.0,147.125,-791.0,-40.19308943089431,HANGING JAM JAR T-LIGHT HOLDERS,2011-05
71477,823.0,8.0,2065.0,8.0,102.875,258.125,1242.0,150.91130012150668,COLOURED GLASS STAR T-LIGHT HOLDER,2011-06
72232,546.0,6.0,474.0,6.0,68.25,59.25,-72.0,-13.186813186813188,FENG SHUI PILLAR CANDLE,2011-02
72351B,368.0,8.0,176.0,8.0,46.0,22.0,-192.0,-52.17391304347826,SET/6 PINK  BUTTERFLY T-LIGHTS,2010-12
72586,505.0,8.0,134.0,6.0,63.125,16.75,-371.0,-73.46534653465346,SET OF 6 HALLOWEEN GHOST T-LIGHTS,2011-09
72741,830.0,8.0,1481.0,8.0,103.75,185.125,651.0,78.43373493975903,GRAND CHOCOLATECANDLE,2011-01
72817,252.0,7.0,830.0,7.0,31.5,103.75,578.0,229.36507936507934,SET OF 2 CHRISTMAS DECOUPAGE CANDLE,2011-10
72818,452.0,6.0,1285.0,4.0,56.5,160.625,833.0,184.2920353982301,CHRISTMAS DECOUPAGE CANDLE,2011-10
75049L,854.0,6.0,949.0,8.0,106.75,118.625,95.0,11.124121779859484,LARGE CIRCULAR MIRROR MOBILE,2011-05
79321,956.0,8.0,3000.0,8.0,119.5,375.0,2044.0,213.80753138075312,CHILLI LIGHTS,2011-11
82001S,227.0,7.0,354.0,7.0,28.375,44.25,127.0,55.947136563876654,SILVER RECORD COVER FRAME,2011-06
82482,1553.0,8.0,1779.0,8.0,194.125,222.375,226.0,14.552479072762395,WOODEN PICTURE FRAME WHITE FINISH,2011-11
82483,358.0,8.0,569.0,8.0,44.75,71.125,211.0,58.93854748603352,WOOD 2 DRAWER CABINET WHITE FINISH,2010-12
82484,711.0,8.0,654.0,8.0,88.875,81.75,-57.0,-8.016877637130802,WOOD BLACK BOARD ANT WHITE FINISH,2010-12
82486,332.0,8.0,481.0,8.0,41.5,60.125,149.0,44.87951807228915,3 DRAWER ANTIQUE WHITE WOOD CABINET,2011-11
82494L,1258.0,8.0,1665.0,8.0,157.25,208.125,407.0,32.35294117647059,WOODEN FRAME ANTIQUE WHITE ,2011-11
82551,503.0,8.0,589.0,8.0,62.875,73.625,86.0,17.09741550695825,LAUNDRY 15C METAL SIGN,2011-11
82552,434.0,8.0,567.0,8.0,54.25,70.875,133.0,30.64516129032258,WASHROOM METAL SIGN,2011-03
82578,425.0,8.0,443.0,8.0,53.125,55.375,18.0,4.235294117647059,KITCHEN METAL SIGN,2011-12
82580,1275.0,8.0,801.0,8.0,159.375,100.125,-474.0,-37.1764705882353,BATHROOM METAL SIGN,2011-09
82581,421.0,8.0,507.0,8.0,52.625,63.375,86.0,20.42755344418052,TOILET METAL SIGN,2011-03
82582,1037.0,8.0,859.0,8.0,129.625,107.375,-178.0,-17.1648987463838,AREA PATROLLED METAL SIGN,2011-11
82583,1825.0,8.0,1957.0,8.0,228.125,244.625,132.0,7.232876712328768,HOT BATHS METAL SIGN,2011-09
84012,244.0,7.0,525.0,8.0,30.5,65.625,281.0,115.1639344262295,MAGIC SHEEP WOOL GROWING FROM PAPER,2011-11
84029E,557.0,8.0,2077.0,8.0,69.625,259.625,1520.0,272.8904847396768,RED WOOLLY HOTTIE WHITE HEART.,2010-12
84029G,461.0,8.0,942.0,8.0,57.625,117.75,481.0,104.33839479392624,KNITTED UNION FLAG HOT WATER BOTTLE,2010-12
84030E,350.0,8.0,572.0,8.0,43.75,71.5,222.0,63.42857142857142,ENGLISH ROSE HOT WATER BOTTLE,2011-11
84077,6090.0,8.0,11948.0,8.0,761.25,1493.5,5858.0,96.19047619047619,WORLD WAR 2 GLIDERS ASSTD DESIGNS,2011-04
84212,2580.0,7.0,619.0,5.0,322.5,77.375,-1961.0,-76.0077519379845,"ASSORTED FLOWER COLOUR ""LEIS""",2011-06
84341B,364.0,5.0,99.0,4.0,45.5,12.375,-265.0,-72.8021978021978,SMALL PINK MAGIC CHRISTMAS TREE,2011-09
84347,1064.0,8.0,5246.0,8.0,133.0,655.75,4182.0,393.0451127819549,ROTATING SILVER ANGELS T-LIGHT HLDR,2011-11
84375,524.0,8.0,938.0,8.0,65.5,117.25,414.0,79.00763358778626,SET OF 20 KIDS COOKIE CUTTERS,2011-01
84378,413.0,8.0,2022.0,8.0,51.625,252.75,1609.0,389.58837772397095,SET OF 3 HEART COOKIE CUTTERS,2011-11
84380,730.0,8.0,1031.0,8.0,91.25,128.875,301.0,41.23287671232877,SET OF 3 BUTTERFLY COOKIE CUTTERS,2011-10
84406B,222.0,8.0,165.0,8.0,27.75,20.625,-57.0,-25.675675675675674,CREAM CUPID HEARTS COAT HANGER,2011-08
84536A,365.0,8.0,811.0,8.0,45.625,101.375,446.0,122.19178082191782,ENGLISH ROSE NOTEBOOK A7 SIZE,2011-11
84568,1642.0,5.0,1150.0,7.0,205.25,143.75,-492.0,-29.963459196102317,GIRLS ALPHABET IRON ON PATCHES ,2011-07
84596B,643.0,8.0,914.0,8.0,80.375,114.25,271.0,42.14618973561431,SMALL DOLLY MIX DESIGN ORANGE BOWL,2011-04
84596F,423.0,8.0,738.0,8.0,52.875,92.25,315.0,74.46808510638297,SMALL MARSHMALLOWS PINK BOWL,2011-04
84596G,252.0,8.0,259.0,8.0,31.5,32.375,7.0,2.7777777777777777,SMALL CHOCOLATES PINK BOWL,2011-04
84692,1098.0,8.0,1299.0,8.0,137.25,162.375,201.0,18.30601092896175,BOX OF 24 COCKTAIL PARASOLS,2010-12
84755,2292.0,8.0,1336.0,8.0,286.5,167.0,-956.0,-41.710296684118674,COLOUR GLASS T-LIGHT HOLDER HANGING,2011-05
84832,509.0,8.0,1193.0,8.0,63.625,149.125,684.0,134.3811394891945,ZINC WILLIE WINKIE  CANDLE STICK,2011-11
84836,1074.0,8.0,1288.0,8.0,134.25,161.0,214.0,19.925512104283055,ZINC METAL HEART DECORATION,2011-10
84879,5091.0,8.0,8016.0,8.0,636.375,1002.0,2925.0,57.45433117265763,ASSORTED COLOUR BIRD ORNAMENT,2011-08
84926E,220.0,6.0,111.0,4.0,27.5,13.875,-109.0,-49.54545454545455,FLOWERS TILE COASTER,2011-08
84929,348.0,7.0,246.0,7.0,43.5,30.75,-102.0,-29.310344827586203,ASSTD FRUIT+FLOWERS FRIDGE MAGNETS,2011-08
84945,2046.0,8.0,2576.0,8.0,255.75,322.0,530.0,25.90420332355816,MULTI COLOUR SILVER T-LIGHT HOLDER,2011-11
84946,2595.0,8.0,4952.0,8.0,324.375,619.0,2357.0,90.82851637764932,ANTIQUE SILVER T-LIGHT GLASS,2011-11
84947,2188.0,8.0,2037.0,8.0,273.5,254.625,-151.0,-6.901279707495429,ANTIQUE SILVER TEA GLASS ENGRAVED,2011-09
84949,518.0,8.0,1462.0,8.0,64.75,182.75,944.0,182.23938223938222,SILVER HANGING T-LIGHT HOLDER,2010-12
84950,288.0,6.0,444.0,8.0,36.0,55.5,156.0,54.166666666666664,ASSORTED COLOUR T-LIGHT HOLDER,2010-12
84970L,630.0,8.0,859.0,8.0,78.75,107.375,229.0,36.34920634920635,SINGLE HEART ZINC T-LIGHT HOLDER,2011-05
84970S,807.0,8.0,1062.0,8.0,100.875,132.75,255.0,31.59851301115242,HANGING HEART ZINC T-LIGHT HOLDER,2011-04
84971S,215.0,8.0,141.0,8.0,26.875,17.625,-74.0,-34.418604651162795,SMALL HEART FLOWERS HOOK ,2011-03
84978,1389.0,8.0,1653.0,8.0,173.625,206.625,264.0,19.00647948164147,HANGING HEART JAR T-LIGHT HOLDER,2011-03
84987,237.0,8.0,677.0,8.0,29.625,84.625,440.0,185.65400843881855,SET OF 36 TEATIME PAPER DOILIES,2011-03
84988,445.0,8.0,782.0,8.0,55.625,97.75,337.0,75.73033707865169,SET OF 72 PINK HEART PAPER DOILIES,2011-03
84991,3387.0,8.0,2858.0,8.0,423.375,357.25,-529.0,-15.618541482137585,60 TEATIME FAIRY CAKE CASES,2011-09
84992,1972.0,8.0,1614.0,8.0,246.5,201.75,-358.0,-18.154158215010142,72 SWEETHEART FAIRY CAKE CASES,2011-07
84997A,301.0,8.0,509.0,8.0,37.625,63.625,208.0,69.10299003322258,CHILDRENS CUTLERY POLKADOT GREEN ,2011-01
84997B,634.0,8.0,646.0,8.0,79.25,80.75,12.0,1.8927444794952681,CHILDRENS CUTLERY RETROSPOT RED ,2011-01
84997C,416.0,8.0,849.0,8.0,52.0,106.125,433.0,104.08653846153845,CHILDRENS CUTLERY POLKADOT BLUE,2011-01
84997D,842.0,8.0,1061.0,8.0,105.25,132.625,219.0,26.009501187648453,CHILDRENS CUTLERY POLKADOT PINK,2011-01
85014B,398.0,8.0,456.0,8.0,49.75,57.0,58.0,14.572864321608039,RED RETROSPOT UMBRELLA,2011-10
85015,537.0,8.0,664.0,8.0,67.125,83.0,127.0,23.649906890130353,SET OF 12  VINTAGE POSTCARD SET,2011-09
85017B,250.0,8.0,82.0,5.0,31.25,10.25,-168.0,-67.2,ENVELOPE 50 BLOSSOM IMAGES,2011-05
85032A,266.0,8.0,179.0,8.0,33.25,22.375,-87.0,-32.70676691729324,ROMANTIC IMAGES GIFT WRAP SET,2011-09
85032C,220.0,8.0,135.0,8.0,27.5,16.875,-85.0,-38.63636363636363,CURIOUS IMAGES GIFT WRAP SET,2011-09
85048,388.0,7.0,785.0,8.0,48.5,98.125,397.0,102.31958762886597,15CM CHRISTMAS GLASS BALL 20 LIGHTS,2011-11
85049A,865.0,7.0,1379.0,8.0,108.125,172.375,514.0,59.42196531791908,TRADITIONAL CHRISTMAS RIBBONS,2011-11
85049E,761.0,8.0,807.0,8.0,95.125,100.875,46.0,6.044678055190539,SCANDINAVIAN REDS RIBBONS,2011-10
85049G,313.0,8.0,246.0,8.0,39.125,30.75,-67.0,-21.405750798722046,CHOCOLATE BOX RIBBONS ,2011-01
85053,333.0,7.0,523.0,8.0,41.625,65.375,190.0,57.05705705705706,FRENCH ENAMEL CANDLEHOLDER,2011-11
85061W,598.0,8.0,380.0,8.0,74.75,47.5,-218.0,-36.45484949832776,WHITE JEWELLED HEART DECORATION,2011-09
85066,298.0,8.0,389.0,8.0,37.25,48.625,91.0,30.536912751677853,CREAM SWEETHEART MINI CHEST,2011-11
85071A,320.0,7.0,260.0,7.0,40.0,32.5,-60.0,-18.75,BLUE CHARLIE+LOLA PERSONAL DOORSIGN,2011-10
85071B,309.0,7.0,304.0,8.0,38.625,38.0,-5.0,-1.6181229773462782,RED CHARLIE+LOLA PERSONAL DOORSIGN,2011-07
85071C,227.0,8.0,167.0,8.0,28.375,20.875,-60.0,-26.431718061674008,"CHARLIE+LOLA""EXTREMELY BUSY"" SIGN",2011-09
85078,570.0,7.0,429.0,4.0,71.25,53.625,-141.0,-24.736842105263158,SCANDINAVIAN 3 HEARTS NAPKIN RING,2011-10
85099B,10093.0,8.0,9259.0,8.0,1261.625,1157.375,-834.0,-8.2631526800753,JUMBO BAG RED RETROSPOT,2011-11
85099C,2409.0,8.0,2481.0,8.0,301.125,310.125,72.0,2.9887920298879203,JUMBO  BAG BAROQUE BLACK WHITE,2011-03
85099F,3924.0,8.0,1822.0,8.0,490.5,227.75,-2102.0,-53.56778797145769,JUMBO BAG STRAWBERRY,2011-03
85111,294.0,7.0,683.0,8.0,36.75,85.375,389.0,132.31292517006804,SILVER GLITTER FLOWER VOTIVE HOLDER,2011-10
85123A,3826.0,8.0,6575.0,8.0,478.25,821.875,2749.0,71.8504966021955,CREAM HANGING HEART T-LIGHT HOLDER,2011-01
85130B,371.0,8.0,69.0,6.0,46.375,8.625,-302.0,-81.40161725067385,BEADED CRYSTAL HEART GREEN LARGE,2011-07
85130C,240.0,6.0,20.0,6.0,30.0,2.5,-220.0,-91.66666666666666,BEADED CRYSTAL HEART BLUE  LARGE,2011-09
85150,740.0,6.0,590.0,8.0,92.5,73.75,-150.0,-20.27027027027027,LADIES & GENTLEMEN METAL SIGN,2011-09
85152,1331.0,6.0,1550.0,8.0,166.375,193.75,219.0,16.453794139744556,HAND OVER THE CHOCOLATE   SIGN ,2011-10
85175,432.0,7.0,804.0,8.0,54.0,100.5,372.0,86.11111111111111,CACTI T-LIGHT CANDLES,2011-05
85176,215.0,8.0,159.0,8.0,26.875,19.875,-56.0,-26.046511627906977,SEWING SUSAN 21 NEEDLE SET,2011-09
85178,298.0,7.0,616.0,7.0,37.25,77.0,318.0,106.71140939597315,VICTORIAN SEWING KIT,2011-11
85199L,261.0,8.0,264.0,8.0,32.625,33.0,3.0,1.1494252873563218,LARGE HANGING IVORY & RED WOOD BIRD,2011-09
85199S,317.0,8.0,1273.0,8.0,39.625,159.125,956.0,301.5772870662461,SMALL HANGING IVORY/RED WOOD BIRD,2011-11
85204,526.0,7.0,544.0,7.0,65.75,68.0,18.0,3.4220532319391634,HANGING WOOD AND FELT FLOWER,2011-06
85212,301.0,6.0,134.0,7.0,37.625,16.75,-167.0,-55.48172757475083,MINI PAINTED GARDEN DECORATION ,2011-06
85230B,312.0,6.0,432.0,7.0,39.0,54.0,120.0,38.46153846153847,CINNAMON SCENTED VOTIVE CANDLE,2011-11
