Antecedent,Consequent,Support,Confidence,Lift,Invoices
84596B – SMALL DOLLY MIX DESIGN ORANGE BOWL,84596F – SMALL MARSHMALLOWS PINK BOWL,0.020295650066642433,0.6633663366336634,26.195035293002988,335
84596F – SMALL MARSHMALLOWS PINK BOWL,84596B – SMALL DOLLY MIX DESIGN ORANGE BOWL,0.020295650066642433,0.8014354066985646,26.195035293002984,335
22578 – WOODEN STAR CHRISTMAS SCANDINAVIAN,22577 – WOODEN HEART CHRISTMAS SCANDINAVIAN,0.022294923058281835,0.7698744769874477,24.965713393231457,368
22577 – WOODEN HEART CHRISTMAS SCANDINAVIAN,22578 – WOODEN STAR CHRISTMAS SCANDINAVIAN,0.022294923058281835,0.7229862475442044,24.965713393231457,368
22698 – PINK REGENCY TEACUP AND SAUCER,22697 – GREEN REGENCY TEACUP AND SAUCER | 22699 – ROSES REGENCY TEACUP AND SAUCER ,0.029807342784442022,0.7048710601719198,16.62085959885387,492
22697 – GREEN REGENCY TEACUP AND SAUCER | 22699 – ROSES REGENCY TEACUP AND SAUCER ,22698 – PINK REGENCY TEACUP AND SAUCER,0.029807342784442022,0.7028571428571428,16.62085959885387,492
22866 – HAND WARMER SCOTTY DOG DESIGN,22865 – HAND WARMER OWL DESIGN,0.020053313946443718,0.6186915887850467,16.26134293707959,331
22865 – HAND WARMER OWL DESIGN,22866 – HAND WARMER SCOTTY DOG DESIGN,0.020053313946443718,0.5270700636942676,16.26134293707959,331
22698 – PINK REGENCY TEACUP AND SAUCER | 22699 – ROSES REGENCY TEACUP AND SAUCER ,22697 – GREEN REGENCY TEACUP AND SAUCER,0.029807342784442022,0.9027522935779817,15.988014332401466,492
22697 – GREEN REGENCY TEACUP AND SAUCER,22698 – PINK REGENCY TEACUP AND SAUCER | 22699 – ROSES REGENCY TEACUP AND SAUCER ,0.029807342784442022,0.5278969957081545,15.988014332401464,492
22697 – GREEN REGENCY TEACUP AND SAUCER | 22698 – PINK REGENCY TEACUP AND SAUCER,22699 – ROSES REGENCY TEACUP AND SAUCER ,0.029807342784442022,0.8541666666666666,14.794202518363065,492
22699 – ROSES REGENCY TEACUP AND SAUCER ,22697 – GREEN REGENCY TEACUP AND SAUCER | 22698 – PINK REGENCY TEACUP AND SAUCER,0.029807342784442022,0.5162644281217209,14.794202518363065,492
22698 – PINK REGENCY TEACUP AND SAUCER,22697 – GREEN REGENCY TEACUP AND SAUCER,0.03489640130861505,0.8252148997134671,14.614803792564901,576
22697 – GREEN REGENCY TEACUP AND SAUCER,22698 – PINK REGENCY TEACUP AND SAUCER,0.03489640130861505,0.6180257510729614,14.614803792564901,576
22630 – DOLLY GIRL LUNCH BOX,22629 – SPACEBOY LUNCH BOX ,0.025808796801163214,0.6094420600858369,14.350143571721576,426
22629 – SPACEBOY LUNCH BOX ,22630 – DOLLY GIRL LUNCH BOX,0.025808796801163214,0.6077032810271041,14.350143571721574,426
22423 – REGENCY CAKESTAND 3 TIER | 22699 – ROSES REGENCY TEACUP AND SAUCER ,22697 – GREEN REGENCY TEACUP AND SAUCER,0.021749666787834725,0.7907488986784141,14.004400559641528,359
22423 – REGENCY CAKESTAND 3 TIER | 22697 – GREEN REGENCY TEACUP AND SAUCER,22699 – ROSES REGENCY TEACUP AND SAUCER ,0.021749666787834725,0.7907488986784141,13.695804114990455,359
22698 – PINK REGENCY TEACUP AND SAUCER,22699 – ROSES REGENCY TEACUP AND SAUCER ,0.033018296377075006,0.7808022922636103,13.52352847439995,545
22699 – ROSES REGENCY TEACUP AND SAUCER ,22698 – PINK REGENCY TEACUP AND SAUCER,0.033018296377075006,0.5718782791185729,13.52352847439995,545
20719 – WOODLAND CHARLOTTE BAG,20723 – STRAWBERRY CHARLOTTE BAG,0.02265842723857991,0.55,13.489301634472513,374
20723 – STRAWBERRY CHARLOTTE BAG,20719 – WOODLAND CHARLOTTE BAG,0.02265842723857991,0.5557206537890045,13.489301634472511,374
23300 – GARDENERS KNEELING PAD CUP OF TEA ,23301 – GARDENERS KNEELING PAD KEEP CALM ,0.032775960256876284,0.7222963951935915,13.291219954365017,541
23301 – GARDENERS KNEELING PAD KEEP CALM ,23300 – GARDENERS KNEELING PAD CUP OF TEA ,0.032775960256876284,0.6031215161649944,13.291219954365017,541
20723 – STRAWBERRY CHARLOTTE BAG,22356 – CHARLOTTE BAG PINK POLKADOT,0.021931418877983763,0.537890044576523,13.192292831768334,362
22356 – CHARLOTTE BAG PINK POLKADOT,20723 – STRAWBERRY CHARLOTTE BAG,0.021931418877983763,0.537890044576523,13.192292831768334,362
22356 – CHARLOTTE BAG PINK POLKADOT,20724 – RED RETROSPOT CHARLOTTE BAG,0.029019750393796194,0.711738484398217,13.009917412488337,479
20724 – RED RETROSPOT CHARLOTTE BAG,22356 – CHARLOTTE BAG PINK POLKADOT,0.029019750393796194,0.530454042081949,13.009917412488337,479
22697 – GREEN REGENCY TEACUP AND SAUCER,22699 – ROSES REGENCY TEACUP AND SAUCER ,0.04240882103477523,0.7510729613733905,13.00861521556053,700
22699 – ROSES REGENCY TEACUP AND SAUCER ,22697 – GREEN REGENCY TEACUP AND SAUCER,0.04240882103477523,0.7345225603357818,13.00861521556053,700
20719 – WOODLAND CHARLOTTE BAG,22356 – CHARLOTTE BAG PINK POLKADOT,0.021628498727735368,0.525,12.876151560178307,357
22356 – CHARLOTTE BAG PINK POLKADOT,20719 – WOODLAND CHARLOTTE BAG,0.021628498727735368,0.5304606240713224,12.876151560178306,357
23199 – JUMBO BAG APPLES,23200 – JUMBO BAG PEARS,0.022537259178480554,0.42033898305084744,12.683940135717163,372
23200 – JUMBO BAG PEARS,23199 – JUMBO BAG APPLES,0.022537259178480554,0.680073126142596,12.683940135717162,372
22355 – CHARLOTTE BAG SUKI DESIGN,20719 – WOODLAND CHARLOTTE BAG,0.02502120441051739,0.5156054931335831,12.515565102445473,413
20719 – WOODLAND CHARLOTTE BAG,22355 – CHARLOTTE BAG SUKI DESIGN,0.02502120441051739,0.6073529411764705,12.515565102445471,413
20724 – RED RETROSPOT CHARLOTTE BAG,20723 – STRAWBERRY CHARLOTTE BAG,0.02774748576275294,0.5071982281284607,12.439545250354195,458
20723 – STRAWBERRY CHARLOTTE BAG,20724 – RED RETROSPOT CHARLOTTE BAG,0.02774748576275294,0.6805349182763745,12.439545250354193,458
22835 – HOT WATER BOTTLE I AM SO POORLY,22112 – CHOCOLATE HOT WATER BOTTLE,0.022961347388828306,0.5968503937007874,12.102718179883535,379
22112 – CHOCOLATE HOT WATER BOTTLE,22835 – HOT WATER BOTTLE I AM SO POORLY,0.022961347388828306,0.4656019656019656,12.102718179883533,379
20723 – STRAWBERRY CHARLOTTE BAG,22355 – CHARLOTTE BAG SUKI DESIGN,0.023809523809523808,0.5839524517087668,12.033357263302003,393
22355 – CHARLOTTE BAG SUKI DESIGN,20723 – STRAWBERRY CHARLOTTE BAG,0.023809523809523808,0.49063670411985016,12.033357263302001,393
22356 – CHARLOTTE BAG PINK POLKADOT,22355 – CHARLOTTE BAG SUKI DESIGN,0.023264267539076698,0.5705794947994056,11.757784196203483,384
22355 – CHARLOTTE BAG SUKI DESIGN,22356 – CHARLOTTE BAG PINK POLKADOT,0.023264267539076698,0.4794007490636704,11.757784196203483,384
22730 – ALARM CLOCK BAKELIKE IVORY,22727 – ALARM CLOCK BAKELIKE RED ,0.020719738276990186,0.6551724137931034,11.64077057273301,342
20724 – RED RETROSPOT CHARLOTTE BAG,20719 – WOODLAND CHARLOTTE BAG,0.02605113292136193,0.47619047619047616,11.558823529411764,430
20719 – WOODLAND CHARLOTTE BAG,20724 – RED RETROSPOT CHARLOTTE BAG,0.02605113292136193,0.6323529411764706,11.558823529411763,430
22727 – ALARM CLOCK BAKELIKE RED ,22726 – ALARM CLOCK BAKELIKE GREEN,0.034108808917969226,0.6060279870828849,11.48461303649839,563
22726 – ALARM CLOCK BAKELIKE GREEN,22727 – ALARM CLOCK BAKELIKE RED ,0.034108808917969226,0.6463834672789897,11.484613036498388,563
21791 – VINTAGE HEADS AND TAILS CARD GAME ,21790 – VINTAGE SNAP CARDS,0.020174482006543076,0.604355716878403,11.426684378917434,333
22355 – CHARLOTTE BAG SUKI DESIGN,20724 – RED RETROSPOT CHARLOTTE BAG,0.02877741427359748,0.5930087390761548,10.839648114275759,475
20724 – RED RETROSPOT CHARLOTTE BAG,22355 – CHARLOTTE BAG SUKI DESIGN,0.02877741427359748,0.5260243632336655,10.839648114275759,475
22728 – ALARM CLOCK BAKELIKE PINK,22727 – ALARM CLOCK BAKELIKE RED ,0.023809523809523808,0.5990853658536586,10.644244401270708,393
22727 – ALARM CLOCK BAKELIKE RED ,22728 – ALARM CLOCK BAKELIKE PINK,0.023809523809523808,0.42303552206673845,10.644244401270708,393
22728 – ALARM CLOCK BAKELIKE PINK,22726 – ALARM CLOCK BAKELIKE GREEN,0.021204410517387615,0.5335365853658537,10.110855198678278,350
22726 – ALARM CLOCK BAKELIKE GREEN,22728 – ALARM CLOCK BAKELIKE PINK,0.021204410517387615,0.4018369690011481,10.110855198678278,350
22910 – PAPER CHAIN KIT VINTAGE CHRISTMAS,22086 – PAPER CHAIN KIT 50'S CHRISTMAS ,0.03259420816672725,0.6758793969849246,9.978591526505515,538
22086 – PAPER CHAIN KIT 50'S CHRISTMAS ,22910 – PAPER CHAIN KIT VINTAGE CHRISTMAS,0.03259420816672725,0.481216457960644,9.978591526505515,538
21929 – JUMBO BAG PINK VINTAGE PAISLEY,21928 – JUMBO BAG SCANDINAVIAN BLUE PAISLEY,0.022719011268629588,0.4601226993865031,9.837804761753395,375
21928 – JUMBO BAG SCANDINAVIAN BLUE PAISLEY,21929 – JUMBO BAG PINK VINTAGE PAISLEY,0.022719011268629588,0.48575129533678757,9.837804761753393,375
23208 – LUNCH BAG VINTAGE LEAF DESIGN,23206 – LUNCH BAG APPLE DESIGN,0.020356234096692113,0.5410628019323671,9.771096946056511,336
20725 – LUNCH BAG RED RETROSPOT | 20727 – LUNCH BAG  BLACK SKULL.,22384 – LUNCH BAG PINK POLKADOT,0.0209620743971889,0.5700164744645799,9.361882514937667,346
23200 – JUMBO BAG PEARS,23203 – JUMBO BAG VINTAGE DOILY ,0.021204410517387615,0.6398537477148081,9.32988158991221,350
22662 – LUNCH BAG DOLLY GIRL DESIGN,22382 – LUNCH BAG SPACEBOY DESIGN ,0.020901490367139224,0.5740432612312812,9.128283304319392,345
23207 – LUNCH BAG ALPHABET DESIGN,23206 – LUNCH BAG APPLE DESIGN,0.020537986186841148,0.49344978165938863,8.911249558063314,339
23202 – JUMBO BAG VINTAGE LEAF,23203 – JUMBO BAG VINTAGE DOILY ,0.029504422634193627,0.5968137254901961,8.70230331531906,487
23203 – JUMBO BAG VINTAGE DOILY ,23202 – JUMBO BAG VINTAGE LEAF,0.029504422634193627,0.4302120141342756,8.70230331531906,487
82494L – WOODEN FRAME ANTIQUE WHITE ,82482 – WOODEN PICTURE FRAME WHITE FINISH,0.02992851084454138,0.5620022753128555,8.637252845729975,494
82482 – WOODEN PICTURE FRAME WHITE FINISH,82494L – WOODEN FRAME ANTIQUE WHITE ,0.02992851084454138,0.45996275605214154,8.637252845729975,494
22411 – JUMBO SHOPPER VINTAGE RED PAISLEY | 85099B – JUMBO BAG RED RETROSPOT,21931 – JUMBO STORAGE BAG SUKI,0.023264267539076698,0.5844748858447488,8.537471208631349,384
20725 – LUNCH BAG RED RETROSPOT | 22384 – LUNCH BAG PINK POLKADOT,20727 – LUNCH BAG  BLACK SKULL.,0.0209620743971889,0.6245487364620939,8.491599212556277,346
20712 – JUMBO BAG WOODLAND ANIMALS,21931 – JUMBO STORAGE BAG SUKI,0.025748212771113534,0.5782312925170068,8.446270543615677,425
21931 – JUMBO STORAGE BAG SUKI | 85099B – JUMBO BAG RED RETROSPOT,22386 – JUMBO BAG PINK POLKADOT,0.024536532170119956,0.5802292263610315,8.277669498975959,405
21213 – PACK OF 72 SKULL CAKE CASES,21212 – PACK OF 72 RETROSPOT CAKE CASES,0.020174482006543076,0.5540765391014975,8.100608817014452,333
23201 – JUMBO BAG ALPHABET,23199 – JUMBO BAG APPLES,0.02223433902823216,0.43380614657210403,8.090852265897343,367
23199 – JUMBO BAG APPLES,23201 – JUMBO BAG ALPHABET,0.02223433902823216,0.41468926553672314,8.090852265897343,367
21931 – JUMBO STORAGE BAG SUKI | 85099B – JUMBO BAG RED RETROSPOT,22411 – JUMBO SHOPPER VINTAGE RED PAISLEY,0.023264267539076698,0.5501432664756447,8.021788654105116,384
22411 – JUMBO SHOPPER VINTAGE RED PAISLEY | 85099B – JUMBO BAG RED RETROSPOT,22386 – JUMBO BAG PINK POLKADOT,0.022173754998182478,0.5570776255707762,7.947383999715845,366
84991 – 60 TEATIME FAIRY CAKE CASES,21212 – PACK OF 72 RETROSPOT CAKE CASES,0.02477886829031867,0.5431606905710491,7.9410189181273125,409
20727 – LUNCH BAG  BLACK SKULL. | 22384 – LUNCH BAG PINK POLKADOT,20725 – LUNCH BAG RED RETROSPOT,0.0209620743971889,0.6628352490421456,7.859740388426477,346
21930 – JUMBO STORAGE BAG SKULLS,21931 – JUMBO STORAGE BAG SUKI,0.0221131709681328,0.5359765051395007,7.829051498966901,365
20725 – LUNCH BAG RED RETROSPOT | 20727 – LUNCH BAG  BLACK SKULL.,22383 – LUNCH BAG SUKI DESIGN ,0.020901490367139224,0.5683690280065898,7.824436343850519,345
20725 – LUNCH BAG RED RETROSPOT | 22383 – LUNCH BAG SUKI DESIGN ,20727 – LUNCH BAG  BLACK SKULL.,0.020901490367139224,0.5730897009966778,7.791942837439179,345
22385 – JUMBO BAG SPACEBOY DESIGN,21931 – JUMBO STORAGE BAG SUKI,0.020053313946443718,0.533011272141707,7.785738104399129,331
23202 – JUMBO BAG VINTAGE LEAF,23199 – JUMBO BAG APPLES,0.020537986186841148,0.41544117647058826,7.74833000997009,339
20712 – JUMBO BAG WOODLAND ANIMALS,22386 – JUMBO BAG PINK POLKADOT,0.024051859929722526,0.5401360544217687,7.70569206074824,397
20726 – LUNCH BAG WOODLAND,22382 – LUNCH BAG SPACEBOY DESIGN ,0.02538470859081546,0.48327566320645904,7.684921095265716,419
22382 – LUNCH BAG SPACEBOY DESIGN ,20726 – LUNCH BAG WOODLAND,0.02538470859081546,0.40366088631984587,7.684921095265716,419
22386 – JUMBO BAG PINK POLKADOT | 85099B – JUMBO BAG RED RETROSPOT,21931 – JUMBO STORAGE BAG SUKI,0.024536532170119956,0.5159235668789809,7.536136632658813,405
22469 – HEART OF WICKER SMALL,22470 – HEART OF WICKER LARGE,0.029262086513994912,0.4163793103448276,7.535917649727768,483
22470 – HEART OF WICKER LARGE,22469 – HEART OF WICKER SMALL,0.029262086513994912,0.5296052631578947,7.535917649727767,483
20712 – JUMBO BAG WOODLAND ANIMALS,22411 – JUMBO SHOPPER VINTAGE RED PAISLEY,0.02265842723857991,0.508843537414966,7.419586067642605,374
23206 – LUNCH BAG APPLE DESIGN,23209 – LUNCH BAG VINTAGE DOILY ,0.024597116200169637,0.4442013129102845,7.413535764304505,406
23209 – LUNCH BAG VINTAGE DOILY ,23206 – LUNCH BAG APPLE DESIGN,0.024597116200169637,0.41051567239635994,7.413535764304505,406
21928 – JUMBO BAG SCANDINAVIAN BLUE PAISLEY,22411 – JUMBO SHOPPER VINTAGE RED PAISLEY,0.023446019629225736,0.5012953367875648,7.3095237005437665,387
22384 – LUNCH BAG PINK POLKADOT,20728 – LUNCH BAG CARS BLUE,0.028474494123349084,0.46766169154228854,7.2549096622152405,470
20728 – LUNCH BAG CARS BLUE,22384 – LUNCH BAG PINK POLKADOT,0.028474494123349084,0.4417293233082707,7.25490966221524,470
20726 – LUNCH BAG WOODLAND,20728 – LUNCH BAG CARS BLUE,0.024536532170119956,0.4671280276816609,7.2466308504826085,405
20727 – LUNCH BAG  BLACK SKULL. | 22383 – LUNCH BAG SUKI DESIGN ,20725 – LUNCH BAG RED RETROSPOT,0.020901490367139224,0.6106194690265486,7.240578272810497,345
21929 – JUMBO BAG PINK VINTAGE PAISLEY,22411 – JUMBO SHOPPER VINTAGE RED PAISLEY,0.02429419604992124,0.4920245398773006,7.17434368835223,401
21977 – PACK OF 60 PINK PAISLEY CAKE CASES,21212 – PACK OF 72 RETROSPOT CAKE CASES,0.022961347388828306,0.4852752880921895,7.09473330845853,379
22384 – LUNCH BAG PINK POLKADOT,20727 – LUNCH BAG  BLACK SKULL.,0.03162486368593239,0.5194029850746269,7.061998082077258,522
20727 – LUNCH BAG  BLACK SKULL.,22384 – LUNCH BAG PINK POLKADOT,0.03162486368593239,0.4299835255354201,7.061998082077258,522
22960 – JAM MAKING SET WITH JARS,22961 – JAM MAKING SET PRINTED,0.02544529262086514,0.42084168336673344,6.939473352299003,420
22961 – JAM MAKING SET PRINTED,22960 – JAM MAKING SET WITH JARS,0.02544529262086514,0.4195804195804196,6.939473352299003,420
22386 – JUMBO BAG PINK POLKADOT | 22411 – JUMBO SHOPPER VINTAGE RED PAISLEY,85099B – JUMBO BAG RED RETROSPOT,0.022173754998182478,0.8061674008810573,6.9305203744493395,366
20726 – LUNCH BAG WOODLAND,22384 – LUNCH BAG PINK POLKADOT,0.02205258693808312,0.419838523644752,6.895377782368434,364
21931 – JUMBO STORAGE BAG SUKI | 22386 – JUMBO BAG PINK POLKADOT,85099B – JUMBO BAG RED RETROSPOT,0.024536532170119956,0.801980198019802,6.894523514851485,405
22386 – JUMBO BAG PINK POLKADOT | 85099B – JUMBO BAG RED RETROSPOT,22411 – JUMBO SHOPPER VINTAGE RED PAISLEY,0.022173754998182478,0.4662420382165605,6.798402016610025,366
22382 – LUNCH BAG SPACEBOY DESIGN ,20728 – LUNCH BAG CARS BLUE,0.02750514964255422,0.4373795761078998,6.78513842409492,454
20728 – LUNCH BAG CARS BLUE,22382 – LUNCH BAG SPACEBOY DESIGN ,0.02750514964255422,0.4266917293233083,6.78513842409492,454
85099C – JUMBO  BAG BAROQUE BLACK WHITE,21931 – JUMBO STORAGE BAG SUKI,0.02538470859081546,0.46349557522123896,6.770316782833425,419
21928 – JUMBO BAG SCANDINAVIAN BLUE PAISLEY,22386 – JUMBO BAG PINK POLKADOT,0.022173754998182478,0.4740932642487047,6.763512030846257,366
22722 – SET OF 6 SPICE TINS PANTRY DESIGN,22720 – SET OF 3 CAKE TINS PANTRY DESIGN ,0.02320368350902702,0.5019659239842726,6.719748208665373,383
23209 – LUNCH BAG VINTAGE DOILY ,23203 – JUMBO BAG VINTAGE DOILY ,0.027444565612504544,0.4580384226491405,6.678782865942327,453
23203 – JUMBO BAG VINTAGE DOILY ,23209 – LUNCH BAG VINTAGE DOILY ,0.027444565612504544,0.4001766784452297,6.678782865942327,453
85099C – JUMBO  BAG BAROQUE BLACK WHITE,22411 – JUMBO SHOPPER VINTAGE RED PAISLEY,0.025081788440567066,0.4579646017699115,6.677706463616748,414
22411 – JUMBO SHOPPER VINTAGE RED PAISLEY,21931 – JUMBO STORAGE BAG SUKI,0.031079607415485277,0.4531802120141343,6.619639450889647,513
21931 – JUMBO STORAGE BAG SUKI,22411 – JUMBO SHOPPER VINTAGE RED PAISLEY,0.031079607415485277,0.4539823008849557,6.619639450889646,513
21928 – JUMBO BAG SCANDINAVIAN BLUE PAISLEY,21931 – JUMBO STORAGE BAG SUKI,0.02114382648733794,0.4520725388601036,6.603459580906965,349
20726 – LUNCH BAG WOODLAND,20727 – LUNCH BAG  BLACK SKULL.,0.02550587665091482,0.4855824682814302,6.6021616321691,421
23199 – JUMBO BAG APPLES,23203 – JUMBO BAG VINTAGE DOILY ,0.024112443959772203,0.4497175141242938,6.557453434748757,398
22383 – LUNCH BAG SUKI DESIGN ,22382 – LUNCH BAG SPACEBOY DESIGN ,0.0298679268144917,0.41117597998331945,6.5384111036653865,493
22382 – LUNCH BAG SPACEBOY DESIGN ,22383 – LUNCH BAG SUKI DESIGN ,0.0298679268144917,0.4749518304431599,6.538411103665386,493
22384 – LUNCH BAG PINK POLKADOT,20725 – LUNCH BAG RED RETROSPOT,0.033563552647522116,0.5512437810945273,6.536515697375193,554
20728 – LUNCH BAG CARS BLUE,22383 – LUNCH BAG SUKI DESIGN ,0.03041318308493881,0.4718045112781955,6.4950836223168436,502
22383 – LUNCH BAG SUKI DESIGN ,20728 – LUNCH BAG CARS BLUE,0.03041318308493881,0.4186822351959967,6.4950836223168436,502
20726 – LUNCH BAG WOODLAND,22383 – LUNCH BAG SUKI DESIGN ,0.024718284260268994,0.47058823529411764,6.478339792964726,408
21931 – JUMBO STORAGE BAG SUKI | 22411 – JUMBO SHOPPER VINTAGE RED PAISLEY,85099B – JUMBO BAG RED RETROSPOT,0.023264267539076698,0.7485380116959064,6.435087719298245,384
20727 – LUNCH BAG  BLACK SKULL.,20728 – LUNCH BAG CARS BLUE,0.03047376711498849,0.414332784184514,6.427609902020291,503
20728 – LUNCH BAG CARS BLUE,20727 – LUNCH BAG  BLACK SKULL.,0.03047376711498849,0.47274436090225563,6.427609902020289,503
85099C – JUMBO  BAG BAROQUE BLACK WHITE,22386 – JUMBO BAG PINK POLKADOT,0.024657700230219314,0.4502212389380531,6.422948807183668,407
22383 – LUNCH BAG SUKI DESIGN ,20727 – LUNCH BAG  BLACK SKULL.,0.03422997697806858,0.47122602168473726,6.406965991703685,565
20727 – LUNCH BAG  BLACK SKULL.,22383 – LUNCH BAG SUKI DESIGN ,0.03422997697806858,0.46540362438220756,6.406965991703685,565
21929 – JUMBO BAG PINK VINTAGE PAISLEY,21931 – JUMBO STORAGE BAG SUKI,0.021628498727735368,0.43803680981595094,6.3984385688691034,357
22386 – JUMBO BAG PINK POLKADOT,21931 – JUMBO STORAGE BAG SUKI,0.030594935175087847,0.4364736387208297,6.375605204182315,505
21931 – JUMBO STORAGE BAG SUKI,22386 – JUMBO BAG PINK POLKADOT,0.030594935175087847,0.4469026548672566,6.375605204182314,505
21929 – JUMBO BAG PINK VINTAGE PAISLEY,22386 – JUMBO BAG PINK POLKADOT,0.02205258693808312,0.4466257668711656,6.371655063072999,364
22382 – LUNCH BAG SPACEBOY DESIGN ,20727 – LUNCH BAG  BLACK SKULL.,0.029262086513994912,0.4653179190751445,6.326637209435202,483
23206 – LUNCH BAG APPLE DESIGN,22383 – LUNCH BAG SUKI DESIGN ,0.02532412456076578,0.4573304157549234,6.295826390701222,418
20726 – LUNCH BAG WOODLAND,20725 – LUNCH BAG RED RETROSPOT,0.027626317702653582,0.5259515570934256,6.236606610189715,456
85099F – JUMBO BAG STRAWBERRY,22386 – JUMBO BAG PINK POLKADOT,0.020537986186841148,0.43517329910141206,6.208271802046592,339
23201 – JUMBO BAG ALPHABET,23203 – JUMBO BAG VINTAGE DOILY ,0.02102265842723858,0.4101654846335697,5.9807345312382525,347
22384 – LUNCH BAG PINK POLKADOT,22383 – LUNCH BAG SUKI DESIGN ,0.026354053071610324,0.43283582089552236,5.958622234947033,435
23199 – JUMBO BAG APPLES,21931 – JUMBO STORAGE BAG SUKI,0.021870834847934086,0.40790960451977404,5.958368081595921,361
22383 – LUNCH BAG SUKI DESIGN ,20725 – LUNCH BAG RED RETROSPOT,0.0364715860899067,0.5020850708924104,5.953603577694056,602
20725 – LUNCH BAG RED RETROSPOT,22383 – LUNCH BAG SUKI DESIGN ,0.0364715860899067,0.4324712643678161,5.9536035776940555,602
20727 – LUNCH BAG  BLACK SKULL.,20725 – LUNCH BAG RED RETROSPOT,0.036774506240155096,0.5,5.928879310344827,607
20725 – LUNCH BAG RED RETROSPOT,20727 – LUNCH BAG  BLACK SKULL.,0.036774506240155096,0.4360632183908046,5.928879310344827,607
23206 – LUNCH BAG APPLE DESIGN,20727 – LUNCH BAG  BLACK SKULL.,0.024051859929722526,0.43435448577680524,5.90564673989452,397
22386 – JUMBO BAG PINK POLKADOT,85099B – JUMBO BAG RED RETROSPOT,0.04755846358899794,0.6784788245462403,5.8327976447709595,785
85099B – JUMBO BAG RED RETROSPOT,22386 – JUMBO BAG PINK POLKADOT,0.04755846358899794,0.4088541666666667,5.8327976447709595,785
21928 – JUMBO BAG SCANDINAVIAN BLUE PAISLEY,85099B – JUMBO BAG RED RETROSPOT,0.031321943535683995,0.6696891191709845,5.757233646373058,517
20711 – JUMBO BAG TOYS ,85099B – JUMBO BAG RED RETROSPOT,0.02047740215679147,0.6679841897233202,5.742576581027668,338
22382 – LUNCH BAG SPACEBOY DESIGN ,20725 – LUNCH BAG RED RETROSPOT,0.030352599054889132,0.48265895953757226,5.723253438309747,501
22411 – JUMBO SHOPPER VINTAGE RED PAISLEY,22386 – JUMBO BAG PINK POLKADOT,0.02750514964255422,0.4010600706713781,5.72160546802227,454
85099F – JUMBO BAG STRAWBERRY,85099B – JUMBO BAG RED RETROSPOT,0.031261359505634315,0.6623876765083441,5.69446405648267,516
20728 – LUNCH BAG CARS BLUE,20725 – LUNCH BAG RED RETROSPOT,0.030837271295286562,0.4783834586466165,5.672555580762251,509
23206 – LUNCH BAG APPLE DESIGN,20725 – LUNCH BAG RED RETROSPOT,0.02611171695141161,0.47155361050328226,5.591568890062628,431
20712 – JUMBO BAG WOODLAND ANIMALS,85099B – JUMBO BAG RED RETROSPOT,0.028716830243547802,0.6448979591836734,5.5441071428571425,474
85099C – JUMBO  BAG BAROQUE BLACK WHITE,85099B – JUMBO BAG RED RETROSPOT,0.034532897128316975,0.6305309734513275,5.420595962389381,570
22385 – JUMBO BAG SPACEBOY DESIGN,85099B – JUMBO BAG RED RETROSPOT,0.023627771719374774,0.6280193236714976,5.399003623188406,390
21931 – JUMBO STORAGE BAG SUKI,85099B – JUMBO BAG RED RETROSPOT,0.04228765297467588,0.6176991150442478,5.310282079646018,698
21733 – RED HANGING HEART T-LIGHT HOLDER,85123A – WHITE HANGING HEART T-LIGHT HOLDER,0.027989821882951654,0.6590584878744651,5.214966155731506,462
20713 – JUMBO BAG OWLS,85099B – JUMBO BAG RED RETROSPOT,0.022416091118381196,0.6065573770491803,5.2144979508196725,370
21929 – JUMBO BAG PINK VINTAGE PAISLEY,85099B – JUMBO BAG RED RETROSPOT,0.029565006664243304,0.5987730061349693,5.1475766871165645,488
21930 – JUMBO STORAGE BAG SKULLS,85099B – JUMBO BAG RED RETROSPOT,0.024536532170119956,0.5947136563876652,5.112678964757709,405
22697 – GREEN REGENCY TEACUP AND SAUCER | 22699 – ROSES REGENCY TEACUP AND SAUCER ,22423 – REGENCY CAKESTAND 3 TIER,0.021749666787834725,0.5128571428571429,5.084216216216216,359
23209 – LUNCH BAG VINTAGE DOILY ,20725 – LUNCH BAG RED RETROSPOT,0.0255664606809645,0.42669362992922144,5.059630068686587,422
22411 – JUMBO SHOPPER VINTAGE RED PAISLEY,85099B – JUMBO BAG RED RETROSPOT,0.03980370774263904,0.5803886925795053,4.989529041519435,657
22698 – PINK REGENCY TEACUP AND SAUCER,22423 – REGENCY CAKESTAND 3 TIER,0.021083242457288258,0.498567335243553,4.942554015333385,348
23199 – JUMBO BAG APPLES,85099B – JUMBO BAG RED RETROSPOT,0.030776687265236885,0.5740112994350283,4.934703389830508,508
22379 – RECYCLING BAG RETROSPOT ,85099B – JUMBO BAG RED RETROSPOT,0.024354780079970918,0.5669957686882934,4.874391748942172,402
22697 – GREEN REGENCY TEACUP AND SAUCER,22423 – REGENCY CAKESTAND 3 TIER,0.02750514964255422,0.4871244635193133,4.829114951861733,454
22699 – ROSES REGENCY TEACUP AND SAUCER ,22423 – REGENCY CAKESTAND 3 TIER,0.02750514964255422,0.47639034627492133,4.722702135503814,454
23298 – SPOTTY BUNTING,47566 – PARTY BUNTING,0.027383981582454864,0.4333652924256951,4.533033914308317,452
23202 – JUMBO BAG VINTAGE LEAF,85099B – JUMBO BAG RED RETROSPOT,0.02447594814007028,0.4950980392156863,4.256295955882353,404
23203 – JUMBO BAG VINTAGE DOILY ,85099B – JUMBO BAG RED RETROSPOT,0.03265479219677693,0.47614840989399293,4.0933883613074205,539
23201 – JUMBO BAG ALPHABET,85099B – JUMBO BAG RED RETROSPOT,0.024051859929722526,0.46926713947990545,4.034230939716312,397
20724 – RED RETROSPOT CHARLOTTE BAG,85099B – JUMBO BAG RED RETROSPOT,0.02332485156912638,0.4263565891472868,3.665334302325581,385
