CustomerID,Rank,StockCode,Description
14646,1,23208,LUNCH BAG VINTAGE LEAF DESIGN
14646,2,23202,JUMBO BAG VINTAGE LEAF
14646,3,23308,SET OF 60 VINTAGE LEAF CAKE CASES 
14646,4,22722,SET OF 6 SPICE TINS PANTRY DESIGN
14646,5,22139,RETROSPOT TEA SET CERAMIC 11 PC 
14646,6,22910,PAPER CHAIN KIT VINTAGE CHRISTMAS
14646,7,22197,POPCORN HOLDER
14646,8,23300,GARDENERS KNEELING PAD CUP OF TEA 
14646,9,23301,GARDENERS KNEELING PAD KEEP CALM 
14646,10,21915,RED  HARMONICA IN BOX 
17450,1,85152,HAND OVER THE CHOCOLATE   SIGN 
17450,2,22423,REGENCY CAKESTAND 3 TIER
17450,3,21754,HOME BUILDING BLOCK WORD
17450,4,21212,PACK OF 72 RETROSPOT CAKE CASES
17450,5,82482,WOODEN PICTURE FRAME WHITE FINISH
17450,6,85099B,JUMBO BAG RED RETROSPOT
17450,7,47566,PARTY BUNTING
17450,8,23301,GARDENERS KNEELING PAD KEEP CALM 
17450,9,20725,LUNCH BAG RED RETROSPOT
17450,10,21165,BEWARE OF THE CAT METAL SIGN 
14911,1,21931,JUMBO STORAGE BAG SUKI
14911,2,21930,JUMBO STORAGE BAG SKULLS
14911,3,22998,TRAVEL CARD WALLET KEEP CALM
14911,4,21928,JUMBO BAG SCANDINAVIAN BLUE PAISLEY
14911,5,22659,LUNCH BOX I LOVE LONDON
14911,6,21558,SKULL LUNCH BOX WITH CUTLERY 
14911,7,20711,JUMBO BAG TOYS 
14911,8,20718,RED RETROSPOT SHOPPER BAG
14911,9,22834,HAND WARMER BABUSHKA DESIGN
14911,10,22661,CHARLOTTE BAG DOLLY GIRL DESIGN
